x_1,x_2,x_3,x_4,y
1,0,2.976142406,0.651482046,10
0,1,1.411390305,0.743731558,12
0,1,1.039891839,1.290587902,7
1,0,2.338679314,0.973941505,15
0,1,2.385256767,0.297921062,9
0,1,2.912909985,0.244488969,8
1,0,2.58549118,0.133044243,9
1,0,2.961106777,0.338565439,8
0,1,0.161943942,0.48160851,4
0,1,2.512620687,1.118481159,16
1,0,2.711286545,0.463432044,14
1,0,1.47901094,0.860246718,7
1,0,0.223923326,1.03025806,8
1,0,2.918244839,0.409249216,10
0,1,1.447071314,0.061543047,4
1,0,2.269534111,1.754568458,19
0,1,2.804808855,1.114211798,15
0,1,2.53971529,1.850661755,21
0,1,1.300125003,1.178923845,5
1,0,1.275172353,0.756408751,11
0,1,1.935979962,1.669588923,6
0,1,2.354851723,0.284902364,14
0,1,1.165984511,0.881215513,10
0,1,2.881797552,1.209835529,8
0,1,2.027010202,1.814115763,13
0,1,0.348252177,0.888418436,9
0,1,1.251680732,1.875374079,13
0,1,2.735146284,1.852418184,21
0,1,1.793118596,1.781269789,15
0,1,1.941477299,1.624474883,15
0,1,2.888225555,0.352752686,8
0,1,1.071579933,1.499892116,13
0,1,0.188839614,0.115083501,2
0,1,1.14916265,1.416603327,13
1,0,2.674123764,0.489672363,9
0,1,2.905986309,0.868517518,6
0,1,0.929219782,0.463179708,5
1,0,0.196185917,0.39275524,3
0,1,1.427466631,1.746254802,6
0,1,1.277181625,0.967007101,9
1,0,0.275252044,0.97035116,11
0,1,2.136786461,1.073446155,11
0,1,0.25136438,1.965651393,11
0,1,0.31180802,0.273378611,7
0,1,2.940590382,0.049654767,15
1,0,1.217649579,1.439031363,14
0,1,2.774737358,1.469080925,12
0,1,1.231654882,0.298752129,11
0,1,2.943624496,1.501947761,28
0,1,0.857008636,1.559344649,11
0,1,2.018589497,1.856904149,22
0,1,1.314057469,1.165194988,10
0,1,2.943432808,1.529550672,19
0,1,1.021587729,1.294081807,10
0,1,0.07468161,0.335082382,8
0,1,2.747046471,0.81220305,12
0,1,2.479080677,0.647756755,10
0,1,2.201494932,0.945057631,7
0,1,0.49295488,0.043171488,3
0,1,0.59209615,1.910117865,9
1,0,0.508852839,1.506600738,15
0,1,2.373003006,0.760312557,9
0,1,2.982390165,1.195839405,10
0,1,1.502478361,0.541046441,6
0,1,1.095580816,1.521544576,7
0,1,0.114237718,1.299021482,9
0,1,1.484539986,1.656783581,15
1,0,0.258243501,1.976163149,14
1,0,2.620276451,1.763805509,18
0,1,2.794967413,1.188543558,14
1,0,0.444025338,1.291709542,6
1,0,1.636709332,1.557943344,19
1,0,1.788961411,1.327379107,9
0,1,2.561745644,1.376682639,9
0,1,1.036934733,0.454550505,4
0,1,1.967862248,0.549931169,12
0,1,0.646793365,0.61558336,3
1,0,1.859884501,1.292739987,5
0,1,1.469323039,0.41881907,9
0,1,0.637419105,0.074782409,6
0,1,1.425741911,1.767465115,9
1,0,0.074940838,0.089638203,6
0,1,2.296784878,0.118807152,6
1,0,1.47510159,0.182111353,6
0,1,1.659122467,0.8797189,8
0,1,2.744333029,0.29439497,11
0,1,2.837678671,1.587722301,10
1,0,2.231685162,0.125170738,13
0,1,2.331543207,0.114462763,8
0,1,0.231543571,0.093944542,4
0,1,2.869055748,0.568140566,13
1,0,0.610493898,0.525845945,5
0,1,0.480233759,1.474042773,10
1,0,0.901106119,0.059605073,6
0,1,1.405859947,0.927390277,10
1,0,2.938825369,1.762464285,17
0,1,0.157566443,1.726840496,10
1,0,1.433915257,1.556556702,12
0,1,1.347251654,1.540736794,9
1,0,2.531910419,1.708583593,19
0,1,1.580200315,1.46363318,10
0,1,2.902434349,0.093180127,8
1,0,0.315893888,1.157168508,4
0,1,0.077239387,0.987128556,3
1,0,1.124380469,0.330274165,7
1,0,1.61759913,0.266392589,7
0,1,1.842793703,0.048955951,9
0,1,2.694628716,1.393248916,16
0,1,0.364927649,0.669926822,8
1,0,2.234090567,0.314565867,7
1,0,2.620000839,0.664011955,8
0,1,1.091509223,0.518855274,10
0,1,2.775058031,0.785723507,11
0,1,0.854043961,1.735814214,10
0,1,2.444547176,0.947048843,11
0,1,1.741880298,1.21792686,6
1,0,0.85835433,0.805436134,9
0,1,0.945022285,0.97079277,9
0,1,0.703288496,0.767213225,7
0,1,0.35735634,1.637199402,17
0,1,1.099440217,0.326739967,11
0,1,2.598956823,0.119696833,6
0,1,2.056046009,0.110981062,7
1,0,1.397633076,0.319374472,5
0,1,0.081520699,1.045233488,5
0,1,0.621883392,0.879999518,6
0,1,2.071426868,0.761235714,12
0,1,1.761495709,0.216089338,10
0,1,2.778933048,0.666177452,14
0,1,0.142701417,1.598713279,8
0,1,2.739382505,1.444430351,19
1,0,2.620242119,1.008375883,21
0,1,1.106704354,0.989138484,6
0,1,1.296240449,0.654684007,9
0,1,2.576465845,0.47852692,8
0,1,2.321441889,0.751718283,11
0,1,2.308892488,1.793044448,18
1,0,1.286826968,1.065056086,7
0,1,0.304887384,0.164547473,3
0,1,2.419649839,1.909906864,16
1,0,2.992582321,0.945670843,15
1,0,0.262714386,0.777138412,9
0,1,0.518945336,1.649245501,11
0,1,0.965794802,0.098925121,1
0,1,0.419584185,1.063181758,8
0,1,0.847065747,0.519290924,5
1,0,0.229357392,1.370128512,10
0,1,0.934542418,1.317884684,6
1,0,1.661426544,1.421388507,12
1,0,2.631844759,1.772010446,10
0,1,2.791727543,1.729278088,15
0,1,1.255572677,0.58093816,9
0,1,0.853630602,1.746880174,12
1,0,2.499095201,1.488723755,14
0,1,1.480430722,1.670634747,8
0,1,0.892239571,1.737097025,9
0,1,1.629505873,0.352961481,7
1,0,2.365272522,0.834752262,12
0,1,2.098880291,1.759875178,16
0,1,1.362410426,0.261388063,5
0,1,2.389121771,1.708447337,18
0,1,2.351467371,0.23018913,5
0,1,2.856715202,1.742909789,25
1,0,2.73933053,0.88135761,9
1,0,0.941387296,0.912486136,4
0,1,1.36838007,1.005630374,14
0,1,1.031717539,1.898877859,14
0,1,0.426583052,0.949227631,8
1,0,1.33450973,1.065858722,6
0,1,1.237817168,0.241881207,4
0,1,0.849677444,1.676925063,10
0,1,1.480620384,1.351877332,19
1,0,0.236235678,0.844628692,7
0,1,1.840403199,0.355832577,8
1,0,2.057723761,0.432246327,5
0,1,2.947613478,1.111466765,13
1,0,2.735453606,1.460987329,18
0,1,0.326654345,0.363987595,3
0,1,2.482248783,0.045666132,7
1,0,2.340896606,1.97278595,20
0,1,2.777237415,0.531744182,11
1,0,2.677361488,0.607944608,14
0,1,0.667905033,0.614349365,1
0,1,1.899889231,1.968348742,11
1,0,0.250206053,1.273634553,7
1,0,0.394330382,1.727165341,11
1,0,0.736063004,0.999645114,5
1,0,0.71806848,0.43410331,3
0,1,0.313658744,0.632034779,3
0,1,0.030915802,1.230303288,5
0,1,1.614674568,0.117559321,7
0,1,0.682380736,0.592551112,8
1,0,0.077739447,0.004030614,2
0,1,1.864263177,1.863079309,19
0,1,1.128009319,1.066126943,16
0,1,0.888300478,0.851199389,6
1,0,1.756816149,0.720032752,10
0,1,1.421009898,0.463763505,4
0,1,0.27553159,1.24624896,5
1,0,0.187440962,1.579653382,12
0,1,1.16858089,0.295458645,5
0,1,1.307626724,0.333157867,10
0,1,0.201544032,1.037926316,5
0,1,2.931526423,1.657963157,22
1,0,1.986799955,0.275759399,7
0,1,2.403480291,0.292841673,10
0,1,2.08228755,1.243635297,9
0,1,2.675688982,1.428881407,10
0,1,1.118469596,0.938931704,7
0,1,2.77157402,1.02486968,14
1,0,0.962825358,0.367779016,7
0,1,1.755043149,0.234447151,7
1,0,0.292966574,0.204215422,5
0,1,0.155016422,0.714409292,6
0,1,2.623908281,1.227347016,9
0,1,1.85244143,0.458810359,8
0,1,2.964281559,1.304361224,17
0,1,2.24144578,1.867539406,12
0,1,0.771301091,0.271194905,6
0,1,0.998650074,1.679540873,12
1,0,2.857980251,1.9507761,29
0,1,2.138987541,0.088109858,10
0,1,1.767126203,1.676559448,11
0,1,2.022896767,0.019211616,12
0,1,0.44003582,0.741969883,4
1,0,1.859145403,1.784775615,11
0,1,2.146698236,1.750036955,18
0,1,1.167146802,0.557950437,6
0,1,0.568918288,1.948092818,11
1,0,2.269296169,0.476349801,11
0,1,0.94080162,0.490080982,7
0,1,0.589891374,1.580779672,7
1,0,1.781176448,0.132477969,4
1,0,2.57867527,1.50503397,12
1,0,0.716435313,1.187643409,9
0,1,1.344718337,0.552801907,6
0,1,2.302311659,0.784816802,3
0,1,1.836917758,1.367029071,7
0,1,1.381917953,0.102668382,6
0,1,1.445508838,0.751383662,11
1,0,1.669019341,0.358345866,8
0,1,1.634990454,0.724005938,11
0,1,0.880108595,0.373201102,4
1,0,1.429613233,0.272533327,11
0,1,2.232976437,1.360622644,19
0,1,1.706325769,0.627546132,9
1,0,0.290513784,1.894163847,12
0,1,1.057132959,1.193280578,5
1,0,1.291591763,1.563468456,12
0,1,1.947195172,1.099895716,11
1,0,0.240708977,0.209704369,3
0,1,1.250961661,1.548725963,6
0,1,0.465060562,1.97112906,13
0,1,1.088103294,1.715345621,14
0,1,0.148949936,0.295023829,8
1,0,0.01651109,1.034969926,6
0,1,1.94365418,1.642514348,16
0,1,2.574712753,0.017741542,8
1,0,1.056786776,1.413251042,10
0,1,2.981999636,0.369857997,10
0,1,2.308528662,1.006555438,10
1,0,1.683627725,1.974862099,14
0,1,0.67001915,1.962964535,9
1,0,2.274911642,0.011229504,6
1,0,0.941759825,0.43901661,6
0,1,2.913443089,0.401628047,10
0,1,1.658967137,1.016798139,7
1,0,2.686528921,1.915957451,20
0,1,0.136499882,0.591382027,4
1,0,2.118865252,1.089681268,16
0,1,0.336948842,0.98425287,8
1,0,2.727062941,1.233360887,11
0,1,1.279573441,1.243680716,7
0,1,0.011435793,1.305674553,6
1,0,0.872855127,1.900895119,17
0,1,0.963862062,0.050056446,6
0,1,1.903962851,1.900298715,12
0,1,0.150555775,1.13547647,7
0,1,0.587354779,0.236030713,2
0,1,1.376410723,0.042375371,8
0,1,1.309177041,1.461816788,9
0,1,2.971636534,1.445636272,13
0,1,1.804277539,0.422524333,1
1,0,1.370490193,0.113439582,7
0,1,1.705936432,1.211885333,16
0,1,1.300799012,0.192277059,8
0,1,2.138855219,1.298907399,6
0,1,0.042276472,1.170025349,5
1,0,2.243170977,1.296656609,14
0,1,1.829346657,0.873041034,12
1,0,2.393986225,1.574910402,20
1,0,2.386511326,1.959426403,16
0,1,0.289243042,0.993304729,7
1,0,0.458539099,0.94893533,8
0,1,2.286674738,1.496162891,16
0,1,0.504707575,1.380847096,6
0,1,0.189113185,0.840617597,6
0,1,0.978722513,0.793103099,8
0,1,2.346450567,1.808840275,13
0,1,1.4198066,0.718589842,8
1,0,2.497094393,1.121951699,19
0,1,2.315989494,1.463788867,21
0,1,2.637729168,0.187225446,9
0,1,0.00702313,1.020997643,10
0,1,0.939554453,0.190903902,6
1,0,1.07689333,1.854300022,12
0,1,2.690242052,1.201907873,11
0,1,0.452772677,0.812333465,12
1,0,2.830622673,0.329429835,11
0,1,0.02152344,0.823587298,4
0,1,0.538963437,1.686066389,5
1,0,0.119543046,1.198672056,5
0,1,2.559770346,0.087374754,9
1,0,0.449627131,0.025880164,7
0,1,0.822609127,1.022430658,7
1,0,0.501087785,1.498062611,8
0,1,1.986947894,0.87735337,12
0,1,0.466039181,0.55101347,8
0,1,0.259277761,0.664231837,7
0,1,1.318048596,1.666768432,14
0,1,2.333090544,1.410514832,13
0,1,0.872379184,0.462423205,7
0,1,1.7667588,0.513831139,2
1,0,2.781137466,0.665973425,14
0,1,2.022798538,0.38743791,9
0,1,1.606049061,1.479519606,15
1,0,2.509305,0.550173223,8
1,0,2.779485703,0.196286038,6
1,0,2.925631046,0.027014464,16
0,1,1.055231333,1.587322712,8
0,1,2.993981361,1.528058052,15
0,1,1.091952324,1.01670754,14
1,0,0.489710301,0.729184628,6
1,0,1.702811241,1.520107746,14
1,0,1.435451031,1.784620881,12
0,1,2.402517557,0.027341364,15
0,1,0.386969537,1.234907031,10
0,1,0.163399428,1.167635918,6
0,1,0.452619165,1.190349817,9
0,1,0.931426466,1.654732347,12
1,0,2.247458696,0.531225681,9
0,1,2.694412708,1.521956086,19
0,1,2.494617939,0.472001016,12
1,0,0.770997524,0.484482706,11
0,1,1.112367511,1.749213338,9
0,1,1.880458236,1.911946535,9
0,1,1.612748265,0.273658574,8
0,1,1.102251768,1.401350975,13
0,1,0.186903566,0.292590767,6
0,1,1.245604992,1.001283765,8
0,1,1.718307376,0.659146667,4
0,1,2.895447493,1.493576527,12
0,1,2.656630993,1.594355583,10
0,1,1.100136638,0.781249285,10
0,1,1.691599131,1.709804058,13
0,1,0.924575746,0.926023722,9
0,1,2.954842091,1.794761896,19
0,1,1.701608062,1.895394325,14
0,1,2.318501234,1.817859292,20
0,1,0.855520427,0.159465149,5
0,1,1.847645164,0.764147341,15
0,1,2.318466187,1.028174162,17
1,0,1.772667527,0.359286189,9
1,0,0.370291144,1.34028554,5
1,0,2.952295303,0.603642285,17
0,1,2.034774065,1.808691978,7
0,1,1.255690813,0.919304073,8
0,1,2.664772511,1.389195204,11
0,1,2.430150747,0.837579429,8
1,0,1.144360304,0.494141549,8
0,1,1.982096314,0.090414584,8
0,1,0.666526139,0.40363133,8
0,1,1.059275389,1.244888544,4
0,1,1.683202744,0.034371428,5
0,1,0.067279309,1.483899593,6
1,0,0.036178548,1.112357736,7
1,0,1.551346421,1.165089369,8
0,1,1.842289686,1.855884314,13
0,1,1.087895393,1.913366675,14
0,1,0.926270843,1.654777646,9
1,0,0.89181006,1.440311551,15
0,1,2.59132123,1.587552667,17
0,1,2.533963203,0.348831922,9
1,0,0.223745063,0.922015846,6
1,0,0.195867449,0.811754942,7
0,1,2.33140111,0.494892567,14
1,0,0.105811693,1.146119118,8
0,1,0.89148277,1.139295578,6
1,0,1.259652138,0.065638892,6
0,1,2.103315592,0.812425196,8
0,1,2.590846777,1.993806481,21
0,1,0.277115166,0.818453908,6
0,1,0.52613914,0.767926574,6
0,1,1.394204736,0.100534804,3
0,1,0.923895478,0.501145422,5
0,1,1.033824325,1.490278244,14
1,0,2.380801439,0.411254823,5
1,0,2.499867916,1.63796854,14
0,1,1.915495038,0.226876572,9
0,1,2.123404026,0.937382817,5
0,1,1.507118583,0.733857393,6
0,1,2.774948835,0.91828078,8
1,0,0.52879709,1.129615188,12
1,0,2.290599108,0.75079751,16
0,1,2.635477066,0.74358511,13
0,1,1.726071954,1.566772699,14
1,0,1.180465698,0.281934798,8
0,1,2.587783575,0.936541855,7
0,1,0.502111375,0.493363678,6
0,1,1.433483958,0.387510359,8
0,1,0.635497689,0.198074669,5
1,0,1.406234384,0.205296114,4
1,0,2.054852724,1.021526098,13
1,0,2.0918262,0.166408598,5
1,0,0.60331583,1.648385048,8
0,1,1.940653086,0.589883745,8
1,0,2.455137968,0.863451898,8
0,1,0.099511102,0.16376999,9
1,0,0.520761728,1.37793684,11
0,1,2.118127823,0.202990815,3
0,1,1.177527785,1.86598444,16
1,0,2.546601295,0.420964152,9
0,1,1.453519702,1.650131226,15
1,0,0.161826015,0.29460299,5
1,0,0.317886055,1.568070531,10
0,1,0.448193699,0.759398043,3
0,1,1.676190257,1.869514465,13
1,0,0.394736528,1.396032214,7
0,1,2.014469862,0.087709807,11
1,0,0.88343966,0.28400442,9
0,1,1.294237733,0.363367885,7
0,1,1.89346838,0.10348583,6
1,0,0.906853378,0.758808613,8
0,1,2.536336899,0.13699463,9
1,0,0.61428988,1.375134587,6
1,0,2.047458172,0.989648342,14
1,0,1.782496572,1.846813798,19
0,1,1.698425174,1.746052504,8
0,1,2.621821404,1.180280447,10
1,0,0.904806018,0.052385207,6
0,1,2.369137764,0.032804154,10
0,1,1.105555892,1.7184484,10
0,1,1.338680744,1.86991632,13
0,1,1.435178399,0.778580785,5
0,1,0.88395524,1.596973658,12
1,0,2.321359396,0.705053449,12
0,1,1.012730122,0.402896464,9
0,1,1.570324063,1.864777684,5
0,1,1.922359347,1.029635549,9
1,0,2.042140961,1.170536757,14
1,0,1.124204159,0.978062809,5
0,1,1.888236403,1.083483934,15
0,1,0.309390187,1.407799721,8
1,0,0.018534251,1.978600502,9
0,1,0.517974317,1.595482588,11
1,0,1.880875349,0.22961174,6
0,1,2.18158412,1.820740581,13
0,1,0.203834832,0.956476688,9
0,1,2.575299263,0.514055967,7
0,1,1.740585804,1.432700992,15
1,0,2.854108334,0.694021285,11
0,1,1.210579872,1.422679901,10
0,1,0.338124305,0.155441821,5
1,0,1.893349171,0.133727565,13
0,1,0.780050695,1.198201895,6
0,1,2.28021884,1.031022191,14
0,1,2.729928493,1.608186245,17
0,1,0.324179202,1.439875722,8
1,0,2.807407618,0.381475627,11
0,1,1.901209354,1.684497237,16
0,1,0.492945105,1.060711265,4
1,0,2.248257875,1.324458718,11
1,0,1.775975585,0.536763906,8
0,1,0.700722039,0.32961899,5
0,1,1.796307206,1.69722724,13
0,1,2.147051334,0.836811423,6
0,1,2.742324352,0.189236134,8
0,1,1.701318145,0.176705644,5
0,1,2.388302565,0.006675391,5
1,0,0.303808391,0.098481849,1
1,0,1.047203541,0.391947269,9
0,1,0.38833493,0.841651201,10
0,1,1.891326547,0.100108825,6
0,1,2.412437439,1.165564895,15
1,0,0.533334315,1.677051425,9
0,1,0.875599086,1.16059196,6
0,1,0.729980111,1.880682468,6
0,1,2.668201923,0.292761594,10
0,1,0.889660537,0.568413079,2
0,1,2.871235132,1.677272797,12
1,0,2.750225782,0.521838665,12
0,1,2.704427719,1.366340756,25
0,1,2.825331688,0.552528739,11
1,0,1.719141841,0.615467191,15
1,0,2.590676785,0.123403504,10
0,1,2.791141033,0.86393255,10
0,1,1.62122345,0.660708189,6
0,1,1.322413802,0.479079425,8
0,1,0.70904088,1.092850327,7
0,1,1.687151432,1.112833023,10
0,1,2.559812069,0.340074629,13
1,0,0.004021492,1.47442174,3
0,1,2.553614378,1.21791482,9
0,1,2.866555452,1.487124324,17
0,1,0.697838247,0.705005407,8
0,1,0.718248308,0.757508814,5
0,1,0.179131016,0.784499764,6
0,1,0.17120254,1.625005245,5
0,1,2.397609234,0.683059275,8
1,0,0.341062546,1.601590276,10
0,1,1.186746597,1.772759199,8
0,1,1.714317441,0.093180932,8
0,1,0.405014247,1.595377564,10
0,1,1.601417542,0.404670298,10
0,1,2.497818232,1.730490804,13
1,0,2.608852148,0.866077662,7
1,0,0.215699971,0.53741169,8
0,1,0.560000658,1.448971152,11
0,1,1.611368299,1.254753947,12
0,1,2.853116989,0.958452046,12
0,1,1.264377236,0.032782461,3
1,0,2.647665262,1.431484222,18
0,1,1.972053289,1.702652216,15
0,1,1.410620689,0.942141235,5
0,1,1.041328073,1.255904555,7
1,0,2.941541672,1.032538772,14
0,1,1.496550798,1.696423292,15
0,1,2.340732813,1.291811705,7
1,0,0.312153518,1.008004665,8
0,1,0.332377672,0.310078621,2
0,1,2.865060091,0.13934119,13
0,1,2.704620123,0.59552598,12
1,0,0.346359879,0.469923943,5
0,1,2.545714617,0.644151688,15
0,1,2.932497501,1.403427601,10
0,1,1.203526616,0.804121733,7
0,1,0.056082912,1.994898796,13
0,1,2.624916315,1.26715982,18
0,1,2.117353439,1.325714707,13
1,0,1.844078779,0.313370675,3
1,0,1.703751922,0.90851444,17
1,0,2.054843187,1.945807219,11
1,0,0.847219229,0.820752382,11
0,1,0.102343857,1.635848999,6
0,1,0.242936715,0.075091951,3
0,1,0.939617217,1.75832355,13
1,0,0.054329365,0.54373771,5
0,1,0.69433707,0.885860145,5
0,1,2.638849735,0.518892646,17
0,1,0.274681717,1.944838285,17
0,1,1.070343971,0.662000239,3
0,1,2.916601896,0.226524502,12
1,0,2.732548237,0.001588989,3
1,0,2.219280005,0.714918017,9
1,0,1.354676962,0.856979251,10
0,1,1.916405678,1.617621899,8
0,1,2.451361179,0.322473258,10
1,0,2.096183062,1.4029634,10
0,1,0.703041315,1.625660896,9
0,1,1.96115768,1.7350806,15
0,1,2.316832304,1.677453041,16
0,1,2.920092344,1.454209685,21
0,1,1.545684457,1.342890382,8
1,0,0.22052522,1.296830416,15
1,0,2.629449844,0.626528978,9
0,1,1.69328475,0.082917176,7
1,0,1.471779346,1.341120481,15
0,1,2.037093639,1.985494494,17
0,1,2.067188501,1.407781839,14
0,1,0.338642478,1.569435954,6
0,1,2.359724045,1.390750766,11
0,1,1.006593823,0.919953465,7
0,1,2.927130461,0.607088387,14
0,1,1.303233981,1.692655683,11
0,1,0.5251562,1.069210887,6
1,0,1.907842636,0.935820401,13
0,1,0.990132153,0.222664848,4
0,1,1.131063461,1.528228641,10
0,1,0.382809728,0.607755303,5
0,1,1.778237224,1.834701777,18
0,1,0.102301627,1.789907575,5
0,1,0.962363243,1.228736281,14
1,0,0.105766393,1.480246425,12
0,1,2.113180399,1.240151405,9
1,0,1.608072162,0.946740866,14
0,1,2.038966656,0.846991539,12
0,1,1.159602523,1.263861775,11
1,0,1.743696451,0.24411191,10
0,1,2.87026763,1.801718712,19
0,1,0.59103936,1.80484426,12
1,0,0.592841506,0.859706163,6
0,1,0.203272149,1.461672664,9
1,0,1.594038606,0.318520486,7
0,1,0.680099487,0.400485873,4
0,1,0.585681617,0.101035751,3
0,1,2.398346424,0.040964566,6
0,1,1.097562075,1.359359384,9
0,1,2.78325057,0.689489901,14
0,1,2.679755688,0.923871994,14
0,1,2.270408869,1.718259811,18
1,0,2.819263935,0.675763488,20
0,1,1.256897569,0.883923054,8
1,0,0.266027391,0.160494521,5
0,1,1.459910989,0.397599727,7
0,1,0.911865354,0.773475111,8
0,1,0.30143255,0.412395418,7
0,1,1.443220258,0.36825633,4
0,1,0.042311214,1.197176456,3
0,1,2.769917011,0.727316678,13
0,1,2.680317163,0.826508284,10
1,0,2.708745241,0.681664288,14
1,0,2.218842506,1.990684628,12
0,1,2.218127728,1.228260279,16
0,1,0.292767644,1.617606521,4
0,1,0.842193842,0.817355216,7
0,1,1.072453141,1.831862926,11
1,0,0.185004041,0.545638442,4
0,1,2.079154015,1.838406801,12
1,0,2.034804821,1.689456105,19
0,1,1.593404889,0.092170864,5
0,1,2.039512396,1.800274372,16
1,0,1.950111747,1.158275723,11
0,1,0.957116127,0.975744188,7
0,1,2.710481405,0.702714741,10
0,1,2.5742383,1.887706041,16
0,1,0.526516378,1.490519643,8
0,1,0.721917927,0.372011721,13
1,0,2.419069052,1.906396866,19
1,0,0.817453146,1.529742599,12
0,1,0.885319829,1.281754375,14
0,1,2.405289888,1.927801132,14
0,1,2.942609072,0.336310297,8
0,1,1.064234495,1.69395268,17
1,0,2.402877808,0.484241933,11
0,1,1.488406777,0.421363473,4
1,0,0.268545598,1.497348905,3
0,1,2.920818567,0.546083272,12
1,0,2.10209775,1.58926034,15
0,1,2.921028376,0.186160073,24
1,0,1.807629108,0.247758955,15
0,1,0.699589491,0.002322905,4
0,1,1.10133791,1.43702805,13
0,1,2.600029707,1.383690119,13
0,1,0.790085912,0.289328903,1
0,1,2.801612616,1.916498303,21
0,1,2.080989838,1.135644794,12
0,1,0.866365969,0.477876961,1
1,0,1.794076681,1.473066568,17
0,1,0.20643039,1.870937228,13
0,1,1.696419954,1.004181504,7
1,0,0.281029999,1.941871643,9
0,1,1.992514729,1.37607789,18
1,0,0.967149734,1.014999747,9
0,1,2.129250526,0.638963282,7
1,0,0.512769401,1.071668506,8
0,1,1.975056291,1.608114123,13
1,0,0.563908756,0.903052986,5
0,1,0.48104614,0.765211403,2
0,1,0.148228034,0.783551395,6
1,0,1.717479229,0.735400677,10
0,1,2.859070539,1.766956091,23
1,0,2.196722746,1.132817864,18
1,0,1.13208425,0.041866023,6
0,1,0.842857063,1.619364858,11
1,0,0.147360846,1.063297272,4
0,1,1.340465903,0.432338446,3
0,1,0.732348502,0.897683978,9
0,1,2.990837574,0.403128386,17
1,0,2.007923603,0.984507799,4
0,1,1.479402065,1.895666361,11
0,1,1.733047128,0.401763678,5
1,0,1.652105331,0.750175774,10
1,0,2.450175524,1.060561538,19
0,1,0.966861606,1.308092475,13
1,0,2.390580654,1.3796314,10
0,1,2.902688026,0.551670969,10
0,1,1.806813478,1.477626562,16
0,1,1.226450086,0.152646199,1
1,0,1.653210759,0.35899514,7
0,1,2.102666616,0.391518652,3
0,1,1.614998102,0.517113566,11
0,1,2.353942394,0.741451681,4
0,1,0.472421378,1.680893779,17
1,0,2.970216513,0.729125857,16
0,1,2.42898798,1.823866606,13
0,1,0.234005168,1.537222981,6
0,1,0.711999595,1.975626588,11
0,1,2.5893538,0.057090789,8
1,0,0.518823922,0.065894373,6
0,1,1.005221605,0.344191402,6
0,1,1.829829335,1.879461765,9
0,1,0.818346024,0.113529079,3
0,1,1.111754179,1.889901161,11
0,1,0.435888916,0.782799244,8
0,1,1.168196201,0.386116534,5
0,1,2.256022692,1.919175267,19
0,1,0.406304687,1.489724278,11
1,0,2.749614716,1.922320724,28
1,0,2.567787886,1.185908794,16
0,1,1.203182459,1.972822905,18
0,1,1.637768745,1.527151585,9
1,0,1.151246071,1.350106478,11
0,1,2.011682987,1.372964978,20
0,1,2.620084524,0.372530878,12
0,1,1.969625354,0.71687746,7
0,1,1.562845588,0.781631649,8
0,1,1.816590428,0.247400165,5
0,1,1.531137347,1.366561413,14
0,1,0.225505784,1.230536222,8
0,1,1.272303462,1.64011991,13
0,1,1.231386065,1.606849194,5
0,1,1.484242201,0.712659538,8
0,1,0.776455641,0.227916613,4
1,0,0.083069146,0.603061795,7
0,1,1.66558218,1.208456874,10
0,1,1.666440845,0.257005215,6
0,1,2.583137035,1.657847762,13
0,1,1.717404485,1.866961479,16
0,1,2.983077049,0.55283165,21
0,1,1.394570112,0.821189582,10
0,1,0.154860258,1.713886142,7
0,1,2.18759346,0.822909296,4
0,1,0.57101351,0.948712289,7
0,1,1.76499176,0.076668188,1
0,1,1.687163353,1.190770745,5
0,1,2.992734909,0.553683758,14
0,1,2.274989367,1.092402697,7
0,1,1.403682351,1.045431256,13
1,0,0.807971299,1.810479879,15
0,1,2.548575878,1.238941073,15
0,1,1.349203467,1.199009061,9
0,1,0.167631254,1.051038265,8
1,0,2.283923864,0.944766879,12
0,1,0.058922485,1.725513935,9
1,0,0.721737146,0.463104069,4
0,1,1.069465756,1.982147932,13
0,1,2.565290928,1.730882764,7
0,1,1.318709373,1.950655103,16
1,0,2.557575464,0.006314789,10
0,1,2.029253721,0.650318503,11
0,1,0.927868545,0.760584295,7
0,1,2.041223049,1.52050364,12
1,0,0.247894824,0.016491096,1
0,1,2.674455881,0.268301249,9
0,1,1.80848372,1.067469358,10
1,0,0.005205757,1.136247158,1
0,1,1.734973788,0.005764807,9
0,1,2.290852785,0.55921793,8
0,1,1.687140346,1.002988815,12
0,1,0.394436002,0.439476132,4
1,0,1.020557642,0.232851341,9
0,1,2.093264103,0.344993591,9
0,1,2.549488068,0.758609474,13
1,0,0.608512342,1.475535393,6
1,0,0.653884232,1.959163666,7
0,1,1.146433234,1.020234108,5
0,1,1.166148543,1.041692734,10
0,1,2.952718258,1.396208048,14
0,1,2.399407148,1.988999367,14
0,1,0.382882655,1.239704013,8
0,1,1.071110487,1.892838955,10
0,1,2.90959692,0.420452207,13
0,1,0.955418646,0.646767914,7
1,0,0.635465324,1.460371852,9
0,1,2.747605801,1.441899657,21
1,0,1.444016814,1.536245584,19
1,0,2.243491411,1.982267141,19
1,0,2.580646276,0.492385745,13
0,1,0.715565741,0.527720928,6
0,1,2.807671547,1.366024256,18
1,0,0.43891722,1.753777623,9
0,1,2.188624859,0.91013962,8
1,0,1.121791244,1.00090301,11
0,1,1.53841579,1.689071417,4
0,1,1.362128973,0.805982709,8
1,0,0.255755395,1.281682134,13
1,0,0.214721784,1.171089411,8
0,1,2.724029541,1.675670624,14
0,1,2.053318977,1.265782118,20
0,1,0.805209875,1.594292998,17
1,0,2.333964586,0.239190012,9
1,0,0.758148313,1.503592372,6
0,1,1.681101918,0.061811194,7
0,1,1.527262092,1.202917218,5
1,0,1.121629357,0.545959353,5
1,0,1.187520981,1.57592845,14
0,1,1.460461974,0.860790849,9
0,1,2.641828299,1.503811121,21
1,0,2.883094311,1.226495266,18
0,1,1.341074467,0.849738777,6
0,1,2.042821646,0.014330216,11
0,1,2.394909859,0.067262158,4
0,1,1.023856759,0.545532346,3
0,1,2.774169922,1.5199368,24
1,0,2.391147614,0.130068064,15
1,0,0.249698475,0.25761807,5
0,1,1.399078488,0.325179875,6
0,1,0.947153807,0.778131008,8
0,1,0.272404969,0.267147452,1
0,1,0.587030232,1.177810669,8
0,1,2.085744381,0.476003975,7
0,1,2.203930616,1.126936913,15
1,0,0.802770078,0.018571535,5
0,1,2.558431387,0.776201308,10
1,0,0.036606736,1.043991446,6
0,1,1.316131711,1.306180835,13
0,1,0.747178972,0.906470299,9
0,1,2.044056654,0.782322228,12
0,1,1.539525032,0.624049366,9
1,0,1.135021329,0.127892792,6
0,1,2.595201731,1.047646761,11
1,0,0.722686052,0.926002264,9
0,1,0.575620711,1.337629199,10
1,0,2.178914547,0.61822015,9
1,0,2.166851759,1.763004541,9
0,1,0.033251494,1.339051843,12
0,1,0.06231628,0.774388433,5
1,0,1.167405725,1.123752117,8
0,1,2.502352953,1.048545718,15
0,1,0.931142747,0.450020999,7
1,0,0.522180259,1.973899603,10
1,0,2.234377384,1.418612242,11
0,1,1.627182007,1.328647494,11
0,1,0.1330093,1.012707353,6
1,0,0.606198668,0.655135572,5
0,1,0.935056806,0.12246085,7
1,0,0.355030894,1.754296899,12
0,1,1.913383842,0.81433171,9
0,1,2.541562557,1.849869013,22
0,1,1.329599619,1.336032629,10
0,1,1.174250364,1.419403911,5
0,1,1.470919371,1.413861752,10
0,1,2.77456522,0.463717431,11
1,0,1.478553772,0.122615114,6
0,1,0.351995051,0.273515433,6
0,1,0.475337416,0.257041901,8
0,1,2.138607264,1.32314992,13
1,0,1.089028835,1.540082932,12
0,1,1.783844709,0.071442924,9
1,0,0.450178713,1.44178915,5
0,1,2.71670866,0.16293706,12
0,1,1.470301032,1.049340963,7
0,1,0.286564827,0.121139944,5
1,0,0.62386322,0.488760024,9
0,1,0.890932381,1.320350647,11
0,1,0.594609201,0.993987799,7
1,0,2.498863459,1.33536613,19
0,1,2.392800093,0.88522625,10
0,1,2.933897734,0.386821508,8
0,1,2.357466936,0.110373229,18
0,1,1.555704474,0.687025547,5
1,0,0.575624704,0.511237085,4
1,0,1.207254648,1.93264091,10
1,0,0.47534743,1.621561766,8
0,1,0.516889095,1.041097283,5
0,1,2.921153307,0.525718451,7
0,1,0.689263225,1.197825909,9
0,1,0.738424599,0.932586789,5
0,1,1.052895904,1.296687365,15
1,0,0.401015759,0.241075948,3
0,1,0.663199484,1.5802598,13
0,1,0.512955368,0.834935844,6
0,1,1.875350118,0.027863812,1
0,1,0.264065504,0.21290347,6
0,1,0.400536031,1.865822434,11
0,1,0.185226455,1.628363252,11
0,1,0.213442251,1.974322796,8
1,0,0.640061796,1.51092267,2
0,1,2.340192318,1.131252289,16
0,1,1.265527487,0.628143609,5
0,1,1.064507723,0.292605639,10
0,1,0.348760515,0.059569936,6
0,1,1.620416164,1.723837852,20
0,1,1.928981662,0.064186685,6
0,1,0.723729432,0.503946245,9
0,1,1.593138814,1.119294882,13
1,0,2.827597857,0.663195252,11
1,0,2.412951469,0.048804846,12
0,1,2.532701731,0.096797585,12
0,1,2.553127289,0.887470365,13
0,1,2.81572628,0.013985278,8
0,1,1.419498801,0.378816485,8
0,1,2.144647837,0.834647954,12
0,1,0.53676939,0.659667611,3
0,1,1.820475817,0.974850893,17
0,1,0.16329363,0.07653223,4
0,1,2.668262243,0.009915833,10
0,1,0.777571678,0.008176466,1
0,1,1.349968672,1.489645243,5
0,1,1.891582251,1.567337871,17
0,1,2.867730141,1.748887181,24
0,1,0.496354342,0.023502469,3
0,1,2.872104168,1.269551754,10
0,1,2.505656958,0.023641793,10
1,0,2.558772326,0.619504094,8
1,0,2.165614128,0.902015507,13
0,1,1.081501603,0.25288257,10
1,0,1.802727461,0.972521901,8
0,1,2.21164608,1.354513407,11
1,0,2.597372532,0.6753034,13
0,1,1.110535264,0.159426823,6
1,0,0.09222693,1.954402447,11
0,1,1.935431242,1.244173646,11
0,1,2.63193202,1.322542548,15
0,1,2.039569616,0.424680948,6
1,0,1.083240032,1.809192061,14
0,1,0.564656973,0.415367067,2
0,1,2.263756275,0.252162635,8
0,1,1.276869535,0.286915064,7
0,1,0.634903133,1.928713322,7
0,1,1.194980979,0.685075939,2
0,1,2.190149546,0.103215531,8
1,0,0.44790107,1.808926463,10
1,0,2.441051245,1.856953382,20
1,0,0.476575017,0.272518992,5
1,0,0.944755614,1.72147882,10
0,1,0.346262544,1.234292984,6
0,1,1.502705097,0.761579096,10
0,1,0.340591073,0.661882758,9
1,0,1.505797625,1.98939085,16
0,1,0.316069782,0.161866158,4
0,1,0.005537984,1.096052289,7
0,1,2.10038662,0.56104815,5
0,1,0.5942173,0.26038307,5
0,1,0.023665555,0.680530667,2
1,0,1.711776733,0.756688476,12
1,0,0.541312277,0.639242768,4
0,1,0.662785769,1.470351577,12
0,1,0.381525844,1.378191352,4
1,0,2.444056749,0.788167357,13
0,1,1.043348312,0.525225759,5
0,1,1.389334917,0.407008529,5
0,1,1.108675957,0.791553617,7
1,0,2.379682302,1.493716002,14
1,0,1.443196297,0.189289659,4
1,0,0.555733979,1.267922878,7
0,1,1.889371514,1.239125133,13
1,0,1.43239367,1.468945861,13
1,0,1.207769871,0.696908414,11
0,1,2.041425467,0.995326042,14
0,1,2.228495598,1.354272127,9
0,1,1.901025653,1.043832302,18
1,0,2.324139118,0.875080884,11
0,1,0.514269173,0.098189585,5
1,0,0.495704085,1.017140746,14
1,0,1.672196031,0.419292837,7
0,1,0.570676565,1.504693508,9
0,1,1.730400801,1.204023719,9
0,1,2.044774532,0.158891663,4
0,1,1.866784334,0.255618185,1
0,1,1.391306877,0.105418161,8
0,1,2.67950654,0.180235386,10
1,0,1.183521867,0.094989963,6
0,1,0.579195023,0.615883648,5
0,1,1.441710711,0.11256481,3
0,1,1.729604125,1.316480398,12
0,1,1.869650483,1.221215367,17
0,1,0.577264786,1.586339235,4
0,1,0.679155409,1.484618664,8
0,1,1.253166914,1.564543009,9
1,0,2.166049719,1.946729779,15
0,1,1.117794633,0.076025248,3
0,1,1.807474852,1.01405859,12
0,1,0.386728019,0.700692475,2
0,1,0.03837968,0.873483241,7
0,1,1.25286448,0.404872805,3
0,1,1.584186912,1.994352818,16
0,1,0.685584009,1.563920498,3
1,0,2.922379017,0.611401558,13
0,1,0.91583544,1.446641088,12
0,1,2.028599262,1.549946547,11
0,1,0.730759561,1.836457968,12
0,1,2.978941679,0.715977013,11
0,1,0.218892306,1.011974216,5
0,1,0.546770871,1.388022184,3
1,0,1.424080133,0.013582484,9
0,1,1.391589999,0.894161284,12
0,1,0.671698213,0.422785908,4
1,0,1.279087305,0.173441276,7
1,0,2.938254833,1.984251857,23
0,1,1.770493507,0.781062841,13
0,1,1.880134225,0.232430503,7
1,0,1.086006165,0.055059224,5
0,1,0.829960823,1.563708782,9
0,1,0.70664382,1.615990281,10
1,0,2.895274878,0.187498748,7
0,1,1.024304748,0.423935115,3
0,1,2.729406357,0.928242326,10
0,1,2.661180496,1.424742579,14
0,1,0.567288756,1.080024719,3
0,1,2.982367992,1.025737047,12
0,1,2.379431725,0.790018618,8
1,0,2.284093142,1.705968618,21
0,1,1.977887988,0.16899465,8
0,1,1.229752183,0.076812528,6
0,1,1.897753835,0.171392605,9
1,0,0.045364588,0.351535052,7
1,0,0.563154638,1.051960468,11
0,1,2.20813489,0.417887449,5
0,1,1.411517978,1.993661523,14
0,1,1.734749079,1.567654371,14
0,1,2.431078434,0.051440004,2
1,0,1.085541248,1.825125456,13
0,1,1.049722791,1.786133528,10
0,1,0.223719776,0.075067431,4
1,0,1.805479288,0.975230217,14
0,1,1.161749005,1.918649435,11
0,1,0.562472165,1.487547278,9
0,1,0.144857809,1.740313888,12
0,1,1.778357744,1.332852721,11
0,1,2.933350563,0.337193429,13
1,0,2.542591095,0.489522547,7
0,1,0.139909133,1.481846929,6
0,1,2.552074909,0.889131844,10
0,1,0.784829378,0.097772025,4
1,0,1.411867142,0.644007027,6
0,1,2.428432941,0.924093485,8
0,1,0.59882164,1.02180922,5
0,1,2.163100958,1.463353276,14
0,1,1.54850781,0.883702695,7
0,1,0.295121282,1.156690955,5
0,1,2.204566956,0.491370171,10
0,1,1.698607445,0.417345494,10
1,0,2.234200716,1.254730105,13
1,0,1.726693034,0.09872327,9
0,1,0.463778198,0.167753488,4
0,1,0.739517987,0.875385404,10
1,0,1.108633637,1.187634945,6
0,1,1.424069047,0.880347133,10
0,1,2.262892723,1.764727473,15
1,0,0.324061692,1.365444541,12
0,1,0.405563295,0.245385543,4
0,1,0.068906337,0.024676777,7
0,1,2.577277422,1.256488562,17
0,1,2.123134136,0.215984032,3
1,0,1.883616567,0.745236814,10
0,1,0.929310322,0.589743495,5
0,1,0.221664324,1.199311852,8
1,0,1.021824479,1.791609287,10
0,1,0.391490877,0.907904327,8
0,1,2.709444046,1.720863342,21
0,1,0.685912788,1.396283388,6
0,1,1.087051988,1.386874437,6
0,1,2.302045107,1.116312504,11
1,0,0.719596684,1.639017582,13
0,1,0.66281414,1.973648787,10
1,0,0.103614219,0.493938118,1
0,1,0.574232042,0.423361033,9
1,0,0.28990081,0.476187587,7
0,1,1.10547781,0.184945717,5
0,1,1.629069686,1.591853619,12
0,1,0.414787978,1.582693338,12
0,1,1.965339184,0.18087472,12
0,1,2.577032328,0.214544699,7
0,1,2.477386951,0.60055095,11
1,0,2.493931532,1.509520531,14
0,1,0.831265569,1.57720077,4
1,0,0.487696528,0.8044312,10
1,0,2.130731583,0.184835374,11
1,0,0.485914171,0.533169508,4
0,1,1.688245416,0.464499116,13
0,1,1.348178029,0.583819091,6
0,1,0.640064418,0.438643426,6
1,0,2.845543385,1.453196168,17
0,1,0.516930759,1.290974379,7
0,1,0.627992868,1.255388856,6
1,0,2.32627821,0.067191601,7
0,1,1.809448838,0.615078211,12
0,1,1.341809154,1.029781938,7
0,1,1.394918323,1.96298945,21
0,1,2.96607995,1.929333448,25
0,1,2.364171505,0.598071516,11
0,1,2.430130959,0.237182811,9
0,1,1.319415927,1.448734045,7
1,0,0.382322788,0.994377971,9
1,0,0.507223189,0.27296707,7
1,0,1.784567356,0.540077031,7
0,1,0.088649064,1.284196377,8
0,1,1.629714012,1.884498835,13
1,0,2.772721052,1.935658693,13
1,0,0.944702089,0.771354795,9
0,1,2.181161165,1.580411553,13
0,1,0.527350247,1.557154536,12
0,1,2.755629063,0.079400584,10
0,1,0.634665012,0.867944896,9
0,1,0.23896198,1.619631886,7
0,1,2.145848513,1.258897424,20
0,1,2.354427338,1.75630343,23
0,1,1.325098753,0.15388982,1
0,1,2.78439784,1.302932978,17
1,0,0.585678756,0.95856756,2
1,0,1.304459333,1.392235756,12
1,0,1.452477813,0.610118568,7
0,1,0.960173488,1.072058916,10
0,1,0.88103801,1.853166223,9
0,1,0.15042828,0.138943553,5
0,1,0.117085531,1.867491841,13
1,0,2.270221472,0.395592809,13
0,1,0.443347901,0.460789353,4
0,1,1.032671332,1.769100666,14
1,0,0.601096392,0.056264475,6
1,0,2.247189045,1.096307993,9
0,1,0.654125035,0.58331269,5
1,0,2.953598261,0.829394817,18
0,1,2.81234479,0.477329582,8
0,1,1.632312298,0.81614995,9
0,1,1.563288927,0.403865486,4
0,1,1.836361766,1.59192884,10
0,1,0.2897304,1.711887479,7
0,1,2.335079193,0.041733272,7
0,1,1.80153811,1.535525203,11
0,1,1.399939656,1.301352382,9
0,1,2.948301077,0.924420476,28
0,1,2.762416363,0.034087282,10
0,1,1.511044383,0.006456584,8
0,1,0.9243505,0.625618517,5
0,1,1.810721755,0.254069418,10
0,1,1.699818373,1.682115793,15
0,1,2.578875065,1.111303687,18
0,1,0.655850291,0.218127757,2
0,1,2.773427725,1.177338719,16
0,1,0.152305767,0.964087665,3
0,1,0.862668693,1.698363423,7
0,1,1.46316123,1.642827988,9
1,0,2.466978312,1.36927104,20
1,0,2.351326227,1.876963735,20
0,1,2.580251932,1.662210107,18
0,1,0.052743103,1.101940393,6
1,0,1.205243111,1.741976261,14
0,1,2.11328721,1.228747487,10
0,1,0.600015223,0.073221557,11
0,1,1.164972663,1.770068049,12
0,1,0.926950693,1.132935286,8
0,1,1.573881388,0.93822515,11
0,1,2.559952497,1.663435698,15
1,0,0.109111518,1.316586733,6
1,0,0.646730125,0.848557234,10
1,0,0.605967283,0.277972043,8
1,0,0.058713555,0.811259449,4
0,1,0.864248633,1.81301713,11
0,1,0.880906522,1.174800396,9
0,1,1.064255714,1.209550619,8
1,0,2.935649395,0.936246395,14
0,1,1.536961079,1.157485723,3
0,1,1.231040001,1.558567405,6
0,1,1.529147267,0.934331834,14
0,1,1.245892048,1.137901068,11
0,1,2.051550627,1.474012375,7
1,0,1.601280808,0.101138309,15
1,0,0.338479519,1.862047076,14
0,1,1.193768501,0.787290871,6
0,1,1.47431612,1.507139325,8
0,1,2.616212606,1.076096177,15
0,1,0.387464613,0.549554169,5
1,0,0.340081632,1.663229942,10
1,0,1.175600767,0.084777713,5
1,0,1.330068469,0.18489337,9
1,0,2.748861551,1.519745588,13
1,0,0.360126197,1.641700864,6
1,0,2.124505758,1.907753468,18
1,0,2.658867598,1.816601038,24
1,0,0.750412047,0.870864451,12
0,1,0.948397875,1.71445787,11
0,1,0.135887876,1.543418884,9
0,1,1.42860353,1.678160071,10
1,0,1.76265192,1.282975554,7
0,1,1.766420007,1.291177988,7
0,1,1.911060333,1.295464277,7
0,1,1.208693981,0.401777983,4
0,1,1.22134161,1.250536561,13
0,1,1.655838847,1.886301994,14
1,0,2.973955154,1.343218088,20
0,1,0.166222483,1.035915613,7
1,0,0.685181677,0.962634683,6
0,1,2.670335293,0.90207237,8
0,1,2.764995813,0.002377466,8
0,1,2.891393423,1.963117123,18
0,1,2.69172883,0.103355512,10
0,1,0.621315002,0.505753338,4
1,0,2.600026131,0.009704608,13
0,1,1.868125916,1.193397045,7
1,0,1.967178345,0.644057035,16
1,0,1.293765664,1.664629221,12
1,0,1.550410628,0.428717166,5
1,0,1.075285077,0.486572832,7
0,1,2.652307749,0.704101682,9
0,1,2.770365238,0.115945876,18
0,1,1.792246938,1.587140679,15
0,1,1.90170002,1.658468008,12
0,1,1.436015725,1.533409595,11
1,0,2.249967098,0.394361079,9
0,1,0.132147521,1.585797191,16
0,1,2.31970787,0.349426001,8
0,1,0.887084782,1.817073703,11
0,1,1.781423092,0.154259488,8
0,1,1.493560195,0.546986163,7
0,1,0.567254603,0.460494518,7
0,1,2.304901838,0.5149194,7
0,1,0.392580152,0.533725321,5
1,0,2.893123865,0.345425397,7
0,1,1.135372519,1.037131667,8
0,1,0.456265271,1.731323123,12
0,1,2.333773851,0.279864579,3
0,1,2.274899483,0.715156198,12
0,1,1.892929077,1.662358761,10
0,1,1.277093291,1.939470291,14
0,1,0.905415177,1.864008427,13
0,1,0.483536333,1.479203701,6
0,1,0.802591801,1.336824894,10
0,1,1.461497545,0.867903471,11
0,1,2.618806362,0.3756859,8
0,1,1.76441443,0.027329048,9
0,1,1.72275722,1.095598817,11
0,1,1.775618672,1.529192924,17
1,0,2.789571524,0.685166359,12
1,0,1.350951672,1.019347668,11
1,0,2.868289948,1.283086658,12
1,0,2.478802919,0.719331741,11
0,1,2.60884285,1.516599774,15
0,1,1.630140543,1.79328227,16
0,1,0.502365291,0.729301095,7
1,0,1.942704797,1.371880412,8
0,1,2.464335442,1.748704553,15
0,1,0.297173202,0.787367821,5
0,1,1.873582602,0.240892202,6
0,1,1.139533877,1.744090557,7
0,1,1.656375647,1.869061708,16
1,0,0.987933457,1.609805107,12
1,0,1.206850529,1.588628054,10
0,1,1.595616341,1.287346959,14
0,1,2.662176132,0.562416673,13
0,1,2.820590973,0.985899448,22
0,1,2.203317165,1.795785904,24
0,1,2.823476076,1.498708963,16
0,1,2.818627596,1.079866171,15
1,0,2.421118498,0.499762267,12
0,1,1.767929435,1.151634336,5
0,1,2.754600286,1.338958144,9
0,1,2.365990877,1.263046265,13
0,1,1.77391398,0.687409699,7
0,1,0.41845417,0.921774447,11
0,1,2.795657873,0.890892148,11
1,0,0.876869261,0.679623127,6
0,1,2.528725624,1.635859609,13
0,1,1.709214211,0.046474267,10
1,0,0.476323068,1.784316301,8
0,1,2.748883486,1.748113394,22
0,1,2.971556425,0.78847599,10
1,0,0.631762207,1.629487276,9
0,1,1.02738297,0.442486018,3
1,0,1.988071084,0.462806433,10
0,1,0.728639841,0.980185628,9
0,1,1.297453642,0.770747006,8
0,1,0.626634181,1.711260557,9
0,1,0.048724629,0.227169946,7
1,0,1.290749669,0.011273312,3
0,1,0.306254834,0.160132349,2
0,1,0.893336117,1.600770712,6
0,1,0.377491653,0.769591331,8
0,1,2.648657322,1.746328115,19
0,1,1.47762537,1.304458022,11
0,1,0.786241889,1.608905792,11
1,0,2.453850985,1.038249731,3
0,1,1.331055999,0.848424494,11
1,0,0.286241949,0.488827109,4
0,1,0.143555343,0.79021138,1
1,0,2.490662336,0.606814265,10
0,1,2.34471488,0.329957098,11
1,0,0.763819218,0.849061668,7
0,1,0.128572375,1.045377493,2
0,1,2.17475462,1.325746536,10
0,1,2.126249313,0.979344606,13
0,1,2.225937605,0.333734989,6
0,1,0.470865458,1.553098321,11
0,1,2.845433474,0.341052592,8
0,1,1.235451698,0.703783572,7
0,1,2.473058939,0.915235162,8
0,1,0.485203087,1.086166859,4
0,1,2.45219183,1.704496741,17
0,1,0.017794926,0.044866011,5
1,0,2.841838598,0.53478545,11
1,0,0.582240939,1.467934489,9
0,1,2.123916626,0.928113759,10
0,1,1.031766057,0.105892286,7
0,1,0.636484385,0.389764845,6
1,0,2.62891078,1.106094122,13
0,1,1.950777411,0.813744009,7
0,1,2.825062513,0.092799582,13
1,0,0.119856022,1.478766322,9
1,0,2.811909437,0.251931399,9
0,1,2.669185877,0.84556973,12
1,0,0.425512135,1.324865699,16
1,0,1.316297531,0.488950938,8
0,1,0.296087354,0.092365041,11
0,1,2.062421799,1.241627574,10
1,0,2.110897064,1.817129016,21
0,1,2.143074989,0.456925362,5
0,1,1.647385955,0.071298048,5
0,1,1.851064801,0.856850088,12
0,1,2.699432135,0.311636209,5
0,1,2.37240386,0.027259432,3
0,1,1.877335906,1.074764729,8
0,1,2.516846895,0.897781551,10
0,1,1.004464269,1.449897051,13
1,0,2.950675964,0.371237874,11
0,1,1.827637434,0.116039731,7
0,1,1.158413291,0.311806321,4
0,1,2.477235317,1.055447102,16
0,1,0.607757747,0.591885626,9
0,1,2.21372366,0.863202691,12
0,1,0.980862737,0.292959362,6
1,0,1.942617893,0.473620832,7
0,1,0.188673303,1.9862535,10
0,1,1.241697311,0.637406111,8
1,0,0.315208763,0.732988775,8
1,0,0.976971328,1.632255435,8
0,1,1.220368028,0.546001375,8
0,1,1.794972897,0.922601819,6
0,1,1.698596716,1.178039551,10
1,0,0.564160109,0.444174528,10
1,0,0.16716817,0.121909723,7
0,1,0.761572361,0.030331977,8
0,1,1.537651658,1.526404381,15
0,1,1.489351273,1.043446779,9
0,1,1.459570765,1.149296045,8
1,0,2.552302122,0.173268631,10
0,1,2.421677351,1.2821275,16
0,1,0.195206672,0.620699883,5
0,1,0.908859253,1.955250502,13
0,1,0.09797281,1.599669456,5
1,0,1.682125807,0.170546666,4
0,1,1.7048738,1.15471518,14
0,1,0.433244914,0.185442746,4
0,1,2.92216444,0.382120758,5
0,1,1.01710856,1.704724669,10
0,1,1.208277583,0.487648875,11
0,1,2.663647175,1.175001979,19
0,1,2.15880847,0.297221869,6
0,1,2.287252188,1.407223821,17
1,0,2.430445671,0.943555117,8
0,1,1.176573157,1.912250638,7
0,1,0.310503542,0.616875947,5
0,1,1.847091556,0.795694053,10
0,1,2.522773743,0.766229153,8
0,1,1.324489713,1.011700034,4
1,0,0.039266087,1.799878716,7
0,1,0.951391041,0.171550572,4
0,1,1.604960561,1.007302999,5
0,1,0.013242216,1.989925623,10
0,1,0.372472078,0.994137883,5
0,1,2.471003056,0.789965034,12
0,1,2.702506065,1.161018252,15
0,1,1.379556656,0.237963334,8
1,0,2.88167572,1.529834151,18
1,0,0.795365393,0.264629841,8
1,0,2.29296422,1.757813334,15
1,0,0.335062444,0.741517425,8
0,1,1.925407887,1.683760524,16
1,0,0.3308613,1.782105446,3
0,1,2.838357925,1.774268389,17
0,1,1.734310627,1.646339536,11
0,1,1.706841588,0.835618734,12
0,1,1.501766205,0.016892783,4
0,1,1.519488931,1.41122973,5
0,1,2.813427448,0.911349714,16
0,1,0.637947321,0.95424068,6
0,1,2.772961855,0.20820266,12
0,1,1.86362052,1.371085167,10
1,0,1.586878538,0.382687211,7
0,1,0.853875756,0.446798056,5
1,0,1.927439094,1.674978137,17
0,1,0.862712085,0.961770117,13
1,0,1.276825428,1.892995238,12
1,0,1.115255117,0.200212374,7
0,1,1.915344715,1.166140199,14
0,1,2.252820015,0.602786005,7
0,1,1.824550867,1.075588584,9
0,1,2.075525761,1.25612998,9
1,0,1.98178041,1.406632185,11
0,1,0.819453418,1.737509489,12
0,1,1.111695886,1.008170128,7
0,1,1.450994611,1.06602633,17
0,1,2.470935345,0.753121853,16
1,0,0.383062482,1.365693927,11
0,1,1.893976808,1.40200603,10
1,0,2.555901527,1.383186936,13
0,1,2.292000294,0.783201694,13
0,1,0.95608288,1.961948395,13
0,1,2.919321537,0.995464563,13
1,0,1.196189642,0.929202914,6
0,1,0.489430755,1.352072001,8
0,1,1.972838163,1.146346807,10
0,1,0.029312743,1.202332735,8
1,0,2.677493095,1.358471394,15
0,1,1.591581345,1.387243509,8
0,1,1.132754803,1.242955565,14
1,0,1.233374715,0.985441864,7
1,0,0.533333361,0.158387423,6
0,1,2.847831726,1.958844781,12
0,1,2.413929462,0.928642929,9
1,0,1.576118112,1.361462116,17
0,1,0.870712876,0.937841296,10
0,1,0.15002881,0.340845883,3
1,0,1.659542441,0.651931643,13
0,1,1.445504427,0.987069666,5
0,1,0.15154925,0.08826866,7
1,0,0.585361004,0.791253328,8
1,0,1.90727818,1.217660785,11
1,0,1.237357974,1.002814651,8
1,0,2.723136425,0.02767775,9
0,1,2.184131861,0.20343715,5
0,1,0.332690418,0.768637538,2
0,1,1.929481745,0.361947387,7
0,1,2.665239096,1.731068254,21
0,1,1.057891846,1.499102354,20
1,0,1.093477964,0.8214854,4
0,1,2.588543892,1.441565633,12
1,0,1.093062043,0.32791096,6
1,0,2.962025404,0.101462409,15
0,1,0.108723432,1.122307181,11
0,1,1.667351365,0.174235046,1
0,1,0.019058077,1.708173394,6
0,1,0.634128094,0.17312853,6
0,1,1.162782311,0.588959336,6
1,0,2.454147339,1.543177724,19
0,1,1.35233891,0.928606212,6
1,0,1.082261205,1.947713494,13
0,1,1.681318879,0.750368476,9
0,1,0.013621078,1.149672627,3
1,0,2.70862627,0.691925883,9
0,1,0.741835058,1.892299175,8
1,0,0.503197312,1.44507277,6
0,1,0.34110108,0.785083473,4
0,1,2.97049737,1.143417358,17
0,1,2.259578228,0.901643515,18
0,1,2.259189129,0.58460021,11
0,1,2.445976257,0.525931716,12
0,1,0.36635229,0.664568722,6
0,1,2.56720376,1.779054165,13
0,1,2.59707284,0.980376482,7
0,1,1.818249464,1.921469331,17
1,0,0.113962971,0.40894419,8
0,1,2.047297955,0.583672643,16
1,0,0.254777819,0.734834135,7
0,1,1.299621224,1.76085341,10
0,1,2.142794371,0.977208555,10
0,1,2.273591995,0.691439629,12
1,0,0.708878636,1.239106417,7
0,1,2.207843065,0.676656425,7
1,0,2.811912298,0.79760021,11
0,1,2.898482323,0.470521897,14
0,1,1.74398911,1.445745111,14
0,1,2.529725552,0.615082145,11
0,1,0.042066909,1.50761342,7
0,1,2.481606483,0.006730517,11
0,1,1.484146237,1.338501811,8
0,1,1.334579468,1.585827351,7
1,0,1.492662311,0.892064393,16
1,0,0.863788843,1.843089819,15
1,0,0.695362985,1.711873055,4
1,0,1.781838179,1.917994738,13
0,1,2.500721693,1.877218008,17
1,0,1.273640871,0.820384562,4
1,0,0.563122153,0.16741924,4
0,1,1.674514294,0.766154885,7
1,0,1.654280186,1.564407945,14
1,0,2.339905739,0.640585601,10
0,1,0.667825758,1.383209229,9
0,1,1.65335989,1.633139253,20
0,1,1.416955233,0.666900158,9
0,1,1.689885736,0.711332917,8
1,0,1.700839639,0.989122927,9
0,1,0.697517216,0.567684174,7
0,1,2.652428389,0.222120821,10
1,0,0.758893371,0.174282625,1
0,1,2.044850349,1.426058412,16
0,1,0.374268383,1.817053914,11
0,1,2.62299037,1.105869889,16
0,1,0.68210727,0.967858732,6
0,1,0.084141977,0.113375738,4
0,1,2.371123552,1.371258497,15
0,1,2.586031437,0.864333749,14
0,1,1.606658101,1.778181314,13
1,0,1.591708899,0.214680776,9
0,1,2.085332394,0.801615,14
0,1,0.296918601,1.989678621,12
1,0,1.546242714,0.039770804,7
0,1,0.35117048,1.054996371,9
1,0,0.207593128,1.457136512,2
0,1,1.76367414,0.314378619,13
0,1,1.788639784,1.625981331,13
0,1,1.529986024,0.198839083,10
0,1,0.1856298,0.604804337,5
0,1,2.131438971,0.979224801,9
0,1,2.527680159,0.498406202,11
0,1,0.481264889,0.170621544,10
0,1,1.053299427,0.297266692,7
1,0,1.886475444,1.899704099,21
1,0,1.025312781,1.798851967,7
1,0,2.629158258,0.244814172,9
0,1,2.144294977,1.160616755,10
1,0,2.755337954,0.826171756,12
0,1,2.900889397,1.870712757,19
0,1,0.8002249,0.64163059,3
1,0,2.840670586,0.34649086,10
0,1,0.030345732,1.19761169,7
1,0,0.700259864,1.950108528,6
0,1,2.550518036,0.05892143,7
0,1,1.634524345,0.543782532,9
0,1,2.354961395,0.509163976,6
0,1,2.616657019,1.951713681,11
1,0,1.609655499,0.108095936,3
0,1,1.887458086,0.819994867,10
0,1,2.12978673,1.973657846,16
1,0,1.093413949,1.084545732,6
0,1,1.71678853,0.870081067,8
0,1,1.363429189,0.23733601,6
0,1,2.542535782,0.212650448,7
0,1,0.07228221,0.226246476,5
1,0,1.297245741,0.075683504,7
0,1,1.519590497,1.434974074,12
0,1,1.018403649,0.821910977,5
0,1,2.347809553,0.758298695,8
1,0,1.724077225,0.942133904,6
0,1,0.054429941,0.64893353,1
0,1,2.803152084,1.02599597,9
0,1,2.261984587,0.121257178,10
0,1,2.469934225,0.591680229,6
0,1,1.974512339,0.263599575,16
0,1,2.862028599,1.926032901,17
0,1,0.442554951,1.008184552,8
0,1,0.112037145,1.272172809,4
0,1,2.748307943,1.437547922,19
0,1,0.196615517,0.930265307,8
0,1,2.366383791,1.446835876,15
1,0,1.702875376,1.741613269,8
0,1,0.575742126,1.096097589,10
1,0,0.240132987,0.582987249,5
0,1,2.003283739,1.312310934,12
0,1,2.99869895,1.281872988,21
0,1,0.255272835,1.163089514,6
0,1,2.380056381,0.812450409,5
0,1,2.729865789,1.01490891,15
0,1,1.02709198,1.988478422,15
0,1,1.390712142,0.61473763,7
0,1,1.848531485,0.22838001,5
0,1,2.494606495,0.79995513,15
0,1,1.286624551,1.448610902,4
0,1,1.188326359,0.060492314,7
0,1,0.566226244,1.870442152,11
0,1,0.062716737,1.575587392,9
0,1,0.602775693,0.589165807,7
0,1,2.953453302,1.862841368,20
0,1,2.071045399,0.857523203,11
0,1,1.59272325,1.782348394,15
1,0,1.394722462,1.06755805,11
0,1,2.823616743,1.674754739,17
0,1,2.868880033,1.480070233,14
0,1,2.910179853,1.711178303,20
0,1,1.501265287,0.991021931,14
1,0,2.98670578,0.542316496,7
0,1,0.803975701,1.390235424,13
0,1,0.952806532,1.27614367,12
0,1,2.553053141,0.595257342,16
0,1,0.408555448,0.740530193,8
1,0,2.282808304,0.094231449,11
1,0,0.287371606,1.656419396,13
1,0,1.165871382,0.254849046,5
0,1,2.3496387,0.03179694,9
1,0,0.872214973,0.721581936,7
0,1,1.269843221,0.401107401,9
0,1,0.400624543,0.768736422,3
1,0,0.999016285,0.812871397,10
1,0,1.231182933,0.272433817,8
0,1,2.227069855,1.781571627,10
1,0,0.632460296,0.826821804,7
0,1,0.376327813,1.127297759,6
1,0,2.530210495,0.987569928,9
0,1,1.713363886,0.034147575,10
1,0,1.336901903,1.025480986,9
0,1,0.796133876,1.432915926,8
1,0,1.668008804,1.303045034,13
1,0,2.102342844,0.038034473,6
0,1,0.54108721,0.79755193,4
1,0,2.529306173,0.848207295,12
0,1,2.224535227,1.895411372,12
0,1,0.699223578,1.704387069,13
0,1,1.27161181,0.30982697,3
0,1,1.949427724,0.512916744,8
0,1,2.265040398,1.54886055,16
1,0,0.85926038,1.024117947,9
0,1,0.084777445,1.742955208,9
0,1,1.279383898,0.495005935,4
0,1,1.924199343,0.370500177,5
0,1,0.611307919,1.603228331,12
0,1,2.741713285,0.446206599,7
0,1,0.477891982,1.242236018,13
0,1,2.817300558,0.363078922,15
0,1,0.639630079,0.482097119,9
0,1,0.107754558,1.175078869,5
0,1,2.711356401,0.4579449,7
1,0,2.417713881,1.298452377,12
0,1,2.851484537,1.020885348,18
0,1,1.273245692,0.598073363,5
1,0,1.049335599,0.395808339,7
0,1,2.586943865,1.865265965,26
0,1,1.222864628,1.817050099,12
0,1,2.952750206,0.713513076,15
1,0,0.081751645,1.385176182,4
1,0,1.406721711,0.542553961,9
0,1,2.247942209,1.299776077,5
0,1,1.770088196,0.450590223,10
0,1,1.222726583,1.471827865,18
0,1,2.214614868,0.5005638,9
0,1,1.320886731,0.799900413,7
0,1,0.554911971,0.175648451,4
1,0,2.197709322,1.060203433,16
0,1,0.366886139,0.163663968,7
0,1,1.774621606,0.47648254,10
0,1,1.232603908,1.517590284,10
0,1,2.727885485,0.464364588,7
0,1,0.605764329,1.454684258,7
0,1,0.951528966,1.086652517,7
1,0,2.327689171,0.08599174,9
0,1,2.220812559,0.579736531,11
0,1,0.465724617,1.881003737,8
0,1,2.419269323,0.841223538,15
0,1,0.279061466,0.01878443,6
0,1,0.401474863,1.079000115,8
0,1,2.615008354,1.51687026,12
0,1,1.814192414,0.98066479,10
0,1,0.373407453,0.412788153,4
0,1,2.569566965,1.723248601,21
0,1,2.067196846,0.071020685,12
0,1,0.067037821,1.230126739,6
1,0,1.210031867,0.162476495,7
1,0,2.663085461,0.797370493,15
0,1,1.371796012,1.837482333,7
0,1,1.550792456,1.464913249,13
0,1,0.414259464,0.048116274,6
0,1,1.939319372,1.70507443,13
0,1,0.286403656,1.675327659,8
1,0,2.463504553,0.11495883,11
0,1,2.689534187,0.225508526,11
1,0,0.75486362,0.039694283,10
0,1,0.688096762,0.906465411,9
1,0,1.696031094,0.326400369,8
0,1,1.815719962,0.756319106,6
1,0,2.144523859,1.067570925,23
0,1,0.917242348,1.228184462,8
1,0,2.847375154,0.004393192,8
0,1,0.214877367,1.471833587,6
0,1,0.612844765,0.859777451,1
0,1,2.714168072,0.33261174,6
0,1,2.045675755,1.055898905,15
1,0,0.672976911,1.847792268,11
0,1,0.929708123,0.88475889,9
0,1,2.765976667,0.951039016,11
0,1,0.706653178,1.629012942,11
1,0,1.217892647,0.42257458,8
0,1,1.853620172,0.935422838,6
0,1,1.23087585,1.312871814,11
0,1,2.095829725,1.425845861,14
0,1,1.403826237,1.012304664,6
0,1,0.58602351,1.202874899,12
0,1,0.791673064,1.586697936,10
1,0,1.228848219,0.40820992,9
1,0,2.633166075,1.71775806,19
0,1,2.006738901,0.078550071,6
0,1,2.877384663,1.369776011,16
1,0,1.890219212,0.486137331,6
1,0,1.160939336,1.019375563,4
0,1,2.992429495,0.414153755,12
0,1,2.59462738,1.153272867,17
1,0,0.988731444,1.869158387,6
0,1,0.979092717,0.723975718,7
1,0,2.696930408,0.708099425,11
0,1,1.970402241,1.929098129,10
0,1,2.244120836,0.805309653,6
0,1,0.045726251,1.313180566,5
0,1,1.662916422,0.818158448,4
0,1,1.28345561,1.950183988,10
0,1,2.459408522,0.234535217,7
0,1,2.164785147,0.498609006,7
1,0,1.523408175,1.075117588,13
0,1,1.39436233,0.657226741,8
0,1,0.342700452,0.808671296,4
0,1,2.137067556,0.074277319,5
1,0,1.388027668,0.958137095,8
0,1,2.730467319,1.36603713,13
0,1,1.848273873,0.38932696,4
1,0,0.494084775,0.259310216,6
0,1,2.483506203,0.636222959,10
0,1,1.540272474,1.434129,10
0,1,2.180409908,1.404944062,10
0,1,1.382369637,0.207340568,3
0,1,2.436050177,0.805607677,12
0,1,1.797272086,1.705420613,10
0,1,0.768474281,1.864443183,16
0,1,2.705621958,1.538548827,19
0,1,1.236779809,1.323491573,9
0,1,0.581495821,1.050570369,8
0,1,0.241183132,1.357454896,7
1,0,0.965794861,0.777051449,3
0,1,0.678756714,1.938582182,11
1,0,1.71682775,1.866370797,14
1,0,1.054024458,0.401489317,8
0,1,0.536698818,1.513852715,11
0,1,2.793683052,1.246021986,15
0,1,0.996514559,1.477363706,12
1,0,1.59306109,0.170875609,6
0,1,0.587485313,1.517553687,10
1,0,0.883233786,0.317254424,3
1,0,1.480381966,1.765411615,11
0,1,0.259026885,0.08167392,8
0,1,0.924863994,1.506680846,10
0,1,0.950837433,1.727590322,9
0,1,0.52642262,0.392651916,2
0,1,2.968876123,0.695187092,16
1,0,2.375678062,0.862910032,10
1,0,2.324437618,1.235764742,16
0,1,1.394133091,1.764826059,11
0,1,1.273612618,1.044395447,3
0,1,0.945589244,1.439546347,7
0,1,0.163626626,1.518827081,9
1,0,1.820563316,1.222885013,10
0,1,1.012393475,1.497066617,14
1,0,1.430008292,0.27113378,2
0,1,1.875316739,0.734596848,8
0,1,2.055707455,1.621643424,19
1,0,0.366031855,0.216948822,4
1,0,1.554034114,1.468993545,10
0,1,1.224557996,0.21642983,5
0,1,1.411167383,1.493026733,13
0,1,0.193187043,0.144125655,8
0,1,2.212001562,0.523055911,6
0,1,2.535338163,1.720449448,14
0,1,1.465974331,1.125007391,7
0,1,1.371481419,1.396054387,6
0,1,0.060409904,0.296814263,2
0,1,1.583316684,0.967819393,9
0,1,2.022880316,0.741038263,9
0,1,0.209163755,1.382718563,5
1,0,0.168262392,1.875486851,6
0,1,0.142206773,1.207820773,6
1,0,2.890273809,1.366302133,11
1,0,1.962316275,1.462334394,15
1,0,2.510274172,0.952462196,14
1,0,0.827031672,1.305619955,7
0,1,1.199381351,1.406135082,12
0,1,1.668310642,0.87100035,8
0,1,0.788612247,1.194774866,6
0,1,1.205722451,0.912583351,12
1,0,2.787581205,1.390358806,21
0,1,1.871973276,0.578752041,9
1,0,2.211126566,0.121285513,5
0,1,1.857082009,0.934309363,11
0,1,1.294507265,1.467576265,10
0,1,1.045182467,1.171800375,12
0,1,0.194056824,1.829279661,9
0,1,1.382769704,0.028149216,3
0,1,2.841698647,1.388980985,13
0,1,0.823239446,1.34134233,10
0,1,1.577745199,1.779463649,10
0,1,0.066202223,0.381141335,1
0,1,2.181720495,0.671346962,9
0,1,2.993887901,0.003049361,17
1,0,1.850156784,1.911790848,12
0,1,1.907026052,0.234133407,6
0,1,0.447778404,0.626180828,12
0,1,0.134143338,1.679019332,5
0,1,2.693348408,0.172618359,11
0,1,0.678967297,1.175072789,9
0,1,0.551369071,1.647590637,15
0,1,0.675945878,1.605065346,10
0,1,0.757400751,0.624936879,3
1,0,0.220275477,0.109090246,5
1,0,1.488861442,0.074797787,7
0,1,0.127266362,0.91513449,10
1,0,0.147125974,0.089337133,6
1,0,0.653179049,0.09124165,4
0,1,1.616306186,0.32475251,6
1,0,2.401614189,0.985176086,7
1,0,2.284750462,1.488660097,14
0,1,0.26453042,0.507203698,2
0,1,0.842113435,1.851659298,12
0,1,0.764751136,1.200801611,9
0,1,2.748948336,1.618879676,24
0,1,2.665137529,1.237959981,9
1,0,2.563668489,0.686730921,13
0,1,1.835789323,1.947058678,21
0,1,2.168665886,1.407114029,16
1,0,1.371713281,0.645005763,14
0,1,1.286617041,0.549306691,4
0,1,0.93148464,0.7896173,7
1,0,1.18237555,1.077580452,6
0,1,1.266308546,0.899490476,9
0,1,1.13479948,0.340377122,6
0,1,2.385528326,1.520086765,8
0,1,1.222865462,1.698410988,10
0,1,1.910215259,1.903671026,15
0,1,0.614566088,0.675660312,5
0,1,2.446297884,0.254253834,11
0,1,2.251819611,1.299960971,13
0,1,0.298531145,1.77859199,11
0,1,2.147339106,0.316298395,3
0,1,1.069137335,0.813126504,9
0,1,2.498110056,1.994979978,18
0,1,0.050133899,0.684267938,6
0,1,2.395079136,0.897689819,16
0,1,0.602987587,1.170268416,6
1,0,0.921371222,0.165666729,10
0,1,0.774356604,0.170274362,5
0,1,1.615152836,0.41004315,5
0,1,2.900177717,0.727540135,11
1,0,2.780376196,1.837099433,17
0,1,1.643940687,1.266466141,10
0,1,1.025873899,1.15510726,6
0,1,1.647715449,0.479123056,7
0,1,2.037921667,1.995255947,16
1,0,2.686513424,0.865737617,9
0,1,1.379387617,0.590801775,6
0,1,1.536944747,0.112562031,6
1,0,1.4976722,1.311924934,10
0,1,0.081193857,1.212697148,9
1,0,1.013655543,0.681265831,2
0,1,1.002993464,0.227396622,7
0,1,1.077132821,1.094470859,7
1,0,0.444258779,0.893852174,6
1,0,2.136842966,0.741267681,16
1,0,0.800185382,1.30760324,11
0,1,1.146973252,1.146037698,10
0,1,2.288545132,1.148130178,11
0,1,1.828255534,0.805012107,13
1,0,2.618525505,1.877484679,20
1,0,1.996103168,1.339934111,15
0,1,0.506533504,0.531660318,6
0,1,2.00988245,1.186458945,16
1,0,1.022103548,0.180613399,11
0,1,2.924784422,1.693211317,14
0,1,1.526873112,0.356135666,3
0,1,0.888933957,0.629086614,3
0,1,2.444936037,0.537072897,15
0,1,0.680797219,0.882911861,3
0,1,1.416171908,1.473217249,16
0,1,1.200856686,0.698688269,8
0,1,0.814067483,0.227703944,6
0,1,0.781176567,0.674260139,6
0,1,2.231729269,1.076604247,8
0,1,2.155235291,0.200169116,8
0,1,1.59139061,0.780139983,7
0,1,0.741888583,1.34273684,9
0,1,2.030127048,1.882029057,13
0,1,1.502737761,1.364299536,15
1,0,0.909171522,1.14059782,8
0,1,0.558205009,0.167961374,4
1,0,2.349978209,1.874505877,26
0,1,0.334808141,1.599138975,8
0,1,0.511373699,0.87201035,11
0,1,0.740947843,0.961000323,7
1,0,0.764421523,1.000972748,3
0,1,1.104767203,1.227564812,11
0,1,1.076210022,1.417330146,12
0,1,2.821865559,0.047094345,5
1,0,1.406347513,1.693615317,8
1,0,2.677085876,0.089728668,4
0,1,2.917768955,1.794390798,11
0,1,1.70035708,0.414112985,9
0,1,1.859883666,1.485642195,9
0,1,0.011127618,1.449981213,6
0,1,0.61420995,1.027558327,6
0,1,0.586460471,0.967684865,8
1,0,0.180233508,0.333254546,2
0,1,2.830327988,1.266340971,18
1,0,2.224660873,0.573987544,8
1,0,2.601861477,1.35996592,13
0,1,0.849736035,1.929184675,10
0,1,2.484321594,1.489563346,13
1,0,1.453973651,1.827710509,11
1,0,0.262112796,0.113006197,2
0,1,1.10574007,0.501732051,4
0,1,0.99562937,1.16741097,2
1,0,0.969646931,1.662736893,9
0,1,0.486053109,0.139227673,6
0,1,0.085437,0.304742634,4
0,1,1.931873083,1.073834896,11
1,0,1.553563118,0.788253963,11
1,0,0.023946762,0.008755701,3
0,1,1.400282502,0.925969362,7
0,1,1.345447183,0.539775193,8
1,0,2.195612431,0.823278189,14
0,1,1.25574708,1.241523981,7
0,1,2.337426901,1.8401407,18
0,1,1.505371213,0.137231216,7
1,0,0.946538627,0.204998031,7
0,1,0.170633093,0.725209475,14
0,1,0.345137537,0.597217262,3
0,1,2.329547405,0.177692994,1
1,0,1.811001182,1.562219024,15
0,1,0.591468632,0.550166667,8
1,0,0.620290101,1.739673853,9
0,1,2.124063015,1.359033227,13
1,0,1.29877615,0.820491612,14
1,0,2.169684172,1.518614888,11
0,1,0.778913021,1.705948472,8
0,1,0.235450923,1.504047871,11
0,1,0.618751466,0.061539412,7
0,1,2.445640802,1.151471376,9
0,1,1.307195306,1.700736165,14
0,1,2.537180185,0.322358012,6
0,1,1.432751298,1.305307508,12
0,1,1.03232336,0.874717355,10
0,1,1.587969542,1.060285091,8
1,0,2.231371164,0.476032972,14
0,1,0.518178046,0.278111637,2
0,1,1.787850976,1.392683864,16
0,1,2.351204395,0.38045153,6
0,1,1.830279112,1.01106298,9
0,1,1.192274094,1.091299772,10
1,0,2.509847641,1.372997403,18
0,1,0.539729714,1.966109514,12
0,1,0.787643254,1.778951406,9
0,1,1.181856751,0.234901041,6
0,1,0.364604056,1.90591538,7
0,1,2.517927647,0.483427107,5
0,1,0.588317692,1.886894226,7
0,1,2.635378122,0.652741134,16
1,0,2.683969498,0.012300377,13
0,1,1.40994978,0.020989817,9
0,1,1.532156467,0.473350644,6
0,1,1.466509461,1.432847381,10
0,1,2.103581667,1.079546571,4
0,1,0.751979649,0.71772331,7
0,1,2.082144022,0.54050988,9
0,1,1.63859725,0.562164128,10
0,1,0.556235015,1.977432489,6
0,1,2.740012884,0.174037635,3
1,0,1.175159574,0.77420944,7
1,0,0.878332078,1.231988668,10
0,1,2.365567684,0.560554802,12
0,1,2.74283886,0.931188047,14
1,0,2.393683195,1.024281979,12
0,1,1.21985352,0.381767958,4
0,1,0.825632811,0.227177143,3
0,1,1.320849061,1.361335635,9
0,1,2.260720968,1.198843002,14
1,0,1.168103099,0.03275476,4
1,0,2.962364674,1.517367482,14
0,1,1.215419888,1.283436894,8
0,1,0.050224368,1.861486316,9
1,0,1.86113894,0.66614306,7
1,0,1.820634127,0.597813308,7
0,1,0.762210906,0.556034923,2
0,1,0.30676946,1.2488482,6
0,1,2.563147068,1.170820594,13
0,1,0.033245787,0.208623588,1
1,0,0.591511369,0.353332579,4
1,0,2.676508427,0.508064806,17
0,1,0.014221301,1.132449627,7
0,1,0.613137484,1.464222908,11
0,1,0.090266213,0.165964887,2
1,0,0.313187212,0.259147286,6
1,0,1.902176499,1.38092792,19
0,1,2.722415209,0.48051399,12
0,1,0.429499716,1.117116213,7
1,0,0.544226646,0.566456914,7
0,1,1.51359868,1.138827085,14
1,0,1.484068513,1.610309839,7
0,1,0.928651989,1.393902302,11
0,1,2.16029048,1.406517029,14
0,1,0.535109162,0.205485001,5
1,0,0.477661759,1.512400508,3
1,0,0.93919009,1.354567885,11
0,1,0.031507544,0.345279634,6
1,0,1.962528229,1.664864779,18
1,0,0.157327265,1.990374804,14
0,1,0.625014246,1.626262546,3
1,0,1.782427192,0.865126014,9
0,1,2.619785309,0.297002256,14
0,1,2.535530806,0.328779757,9
0,1,1.935966849,1.711885333,19
0,1,2.977194548,0.164946824,12
1,0,0.376456529,1.194319248,1
1,0,1.520116329,0.813719988,8
0,1,0.762819886,1.190299749,8
0,1,2.099948168,0.054214317,6
0,1,0.92402637,0.490565151,3
0,1,1.226260066,1.655612111,7
1,0,0.011446538,1.299177766,7
1,0,2.521582603,0.04413145,9
1,0,2.021249056,1.765231013,15
1,0,2.064219475,0.00423385,8
0,1,2.424372911,0.85814774,15
0,1,0.102944575,1.540499806,6
0,1,1.304830909,1.412276626,13
1,0,2.080287218,1.938913584,16
0,1,0.0684072,0.398059189,4
0,1,1.202772498,1.349153757,9
0,1,1.267424822,0.934835553,4
1,0,1.400419831,0.104716092,5
1,0,0.096475922,0.695747435,4
0,1,0.632486522,0.431625277,6
0,1,1.698093414,0.172449708,8
0,1,2.779101372,1.144854426,19
1,0,2.147047043,1.887531519,24
1,0,2.342110634,0.399990261,13
1,0,2.177948952,1.954549909,11
1,0,1.372833014,1.03015554,12
0,1,2.959379435,1.8766222,13
0,1,2.192570925,0.476248324,7
0,1,2.95652914,1.79041326,17
0,1,1.840615988,0.636313379,12
0,1,1.947917223,1.593271971,10
0,1,0.754715562,1.907482982,14
0,1,1.037985325,1.145509362,8
0,1,2.775798082,1.452485681,17
1,0,2.258714914,1.868096471,12
1,0,2.000963926,1.246521115,14
0,1,0.772603869,0.96762079,9
1,0,1.569892287,0.765031278,9
0,1,0.360279381,0.137097463,9
0,1,0.448583812,0.590766132,4
1,0,2.059155464,1.267500639,10
1,0,2.509995937,0.7632038,10
1,0,1.664867043,0.963067472,14
0,1,0.749133766,1.035546303,5
0,1,2.227648735,1.051628232,14
0,1,1.957481027,0.302557498,9
0,1,0.158208042,1.162824988,10
0,1,1.90354979,1.011366129,6
1,0,1.076759815,1.403425574,7
0,1,1.093018174,0.544343889,10
0,1,1.324593067,0.733641088,6
0,1,0.642474473,1.690413117,14
0,1,2.821546793,1.157624722,11
0,1,2.381468058,1.309392452,15
0,1,0.22656785,1.478524089,4
0,1,2.329090834,0.113371246,10
0,1,2.160625458,1.12349081,10
0,1,0.992815256,1.330410838,15
0,1,1.809772849,0.765194535,10
0,1,0.068893395,0.464642823,7
0,1,2.16978693,0.495317221,13
0,1,2.345082283,0.140463278,11
0,1,1.645262599,0.035557788,6
0,1,1.906058073,1.702373624,14
1,0,1.571452618,1.09805119,7
0,1,1.987907767,1.843730569,12
1,0,0.836823761,0.570170522,10
0,1,2.073086262,0.13901639,6
0,1,0.324763119,1.57901454,9
0,1,1.867965341,0.845844805,9
0,1,2.009968519,1.637411594,15
0,1,1.735926509,0.654354513,5
0,1,0.787142932,0.604625821,7
0,1,0.995284319,0.786514699,4
1,0,1.396993041,1.403404713,12
1,0,1.722022891,1.714891791,17
1,0,0.786824107,1.687944412,16
0,1,1.075116873,0.183884621,5
1,0,1.488791704,1.96619463,12
1,0,2.634711742,1.200510144,20
0,1,2.897394657,0.519152224,10
0,1,2.531260967,0.968335986,10
0,1,1.574066758,0.075905718,11
0,1,1.523836374,1.937496185,10
0,1,0.503311694,0.830726027,4
1,0,1.134876251,1.095811725,9
0,1,1.51827085,1.611024499,5
0,1,1.841783047,1.379067063,15
1,0,0.331025749,1.555740476,12
0,1,1.968201637,0.487527132,12
0,1,1.79808712,0.075838871,10
0,1,0.721628308,0.190067098,5
0,1,2.224121809,1.022274017,6
1,0,0.693801582,1.875161409,13
1,0,1.229580522,1.85584271,11
0,1,2.629248619,1.559064984,17
0,1,2.336970568,0.423762411,19
1,0,0.758666337,0.114855699,4
0,1,1.479537964,1.368401289,10
0,1,2.406623363,1.374533653,14
0,1,1.133141041,1.506900787,9
0,1,1.209105372,0.892357171,8
1,0,1.538266659,0.022249987,9
1,0,1.435260653,0.860242307,11
1,0,1.314249277,1.514164329,12
0,1,1.011257291,0.717801988,4
0,1,2.256413698,0.899714768,13
0,1,1.973638177,1.940138578,10
1,0,1.140842915,0.927822828,5
0,1,1.886089921,1.163092971,14
0,1,1.810360193,0.424051195,6
1,0,0.728131711,0.698756754,5
0,1,1.415507793,0.525668263,6
0,1,0.751826346,1.113407016,3
0,1,2.068998814,0.207988888,10
0,1,1.147989511,0.468274146,10
0,1,0.245600551,0.755680621,9
0,1,0.297909588,1.630336642,11
0,1,0.539268672,1.972603559,7
0,1,2.509876728,0.851656258,15
0,1,0.895328581,0.79873836,9
1,0,1.784251213,1.142812252,10
0,1,1.19774437,1.268758655,10
1,0,2.94992137,1.887806058,28
0,1,2.98682785,1.34632051,22
0,1,0.833194494,1.351150155,11
0,1,0.624480069,0.257310748,4
1,0,1.436785698,0.688838482,9
0,1,1.472071528,0.601020455,8
0,1,1.759791493,1.057364106,10
1,0,2.435072184,1.117789388,9
0,1,0.233541146,0.755291879,9
0,1,0.219454959,0.313776612,2
0,1,2.260877132,0.544551075,9
1,0,0.397172749,0.091244541,4
0,1,2.866165161,1.783913255,15
0,1,2.043976784,0.031481721,4
0,1,2.637069941,1.01822412,16
1,0,1.867694736,1.783243179,13
0,1,0.878352582,0.291082621,4
0,1,1.111959934,0.938554645,7
0,1,1.958974838,1.166898251,10
0,1,2.206921101,0.489017248,10
0,1,0.176128626,0.052672751,3
0,1,0.454999208,1.482623219,15
0,1,2.281219244,1.236114502,13
1,0,2.307769299,1.821146846,23
1,0,2.480894804,1.206475616,17
0,1,2.053240061,0.747805893,6
1,0,0.368938982,0.230186895,6
0,1,1.852198958,1.338649869,8
0,1,2.06334877,0.666573524,6
1,0,1.832358122,1.124830246,14
0,1,0.046604533,0.920482218,7
1,0,2.300046921,1.661754847,17
0,1,1.289286971,1.139618039,11
0,1,2.427453041,0.37852782,6
0,1,2.838240385,0.121464469,12
0,1,2.221829653,1.230375409,6
0,1,1.410915375,1.384534717,12
1,0,0.013009489,0.760705531,10
0,1,2.815087318,0.53886354,10
1,0,1.328360081,1.323417306,6
1,0,0.454526246,0.27212733,5
0,1,1.205075622,0.349644095,7
0,1,1.714358091,0.932264388,14
1,0,1.348943472,1.948994994,12
0,1,1.683539867,1.016215444,7
0,1,1.259498239,0.58140558,8
0,1,0.965729594,1.53752768,7
0,1,2.469289541,1.978931308,9
1,0,1.725319982,0.454994768,7
0,1,2.850928068,0.388411939,13
1,0,2.306917906,1.720833778,19
1,0,2.710130215,1.763900876,20
0,1,1.342636108,1.711343884,10
0,1,0.831740141,1.790996432,9
0,1,2.586156368,0.016941095,7
1,0,0.726666152,1.008713007,17
0,1,2.502183676,1.793640733,15
0,1,2.481034756,1.046299338,10
0,1,0.03963149,0.53683722,10
0,1,0.997827232,0.100699298,3
1,0,0.249481425,1.263335586,7
0,1,1.298343658,1.416517854,5
1,0,2.152071714,0.971595228,11
0,1,1.982876182,1.572908163,9
1,0,1.705186248,0.386503696,10
0,1,0.231906742,0.704810143,6
1,0,0.590383291,0.441570729,8
0,1,1.295591831,1.811041355,14
1,0,1.041447043,0.205168456,3
0,1,0.543590248,0.367206514,6
0,1,2.600267649,1.595842719,12
0,1,1.939779401,1.636442423,13
0,1,0.457656175,1.419624925,9
0,1,2.320366383,1.029511929,10
0,1,0.032017998,0.648122191,8
0,1,2.063124418,0.905452967,21
1,0,1.473727822,0.127918825,9
0,1,1.810612202,1.137129545,11
0,1,0.056887746,0.943874717,4
0,1,0.025254708,1.21654582,7
0,1,0.850396991,0.553558826,4
0,1,0.564451158,1.469788432,12
0,1,1.828471899,0.215272054,10
0,1,2.829674721,1.166545272,14
0,1,0.842360616,1.593604326,14
1,0,1.214293003,0.212663174,3
0,1,0.509233534,1.986009002,10
0,1,0.325095832,0.017970487,3
1,0,2.091076136,1.527496457,18
0,1,2.911406279,0.17559205,14
0,1,1.269246578,1.188585043,1
0,1,0.985547602,1.033589602,9
0,1,1.228749514,1.151831627,6
1,0,2.691123009,1.853719234,16
0,1,2.07596302,0.273838609,10
1,0,2.808025599,0.103016019,9
0,1,2.711582661,1.789891958,12
0,1,0.101638809,0.235715747,4
1,0,2.304743052,1.363515496,9
0,1,2.993887663,1.278142691,19
1,0,2.31631875,0.313813776,6
0,1,0.694668114,0.239040121,5
0,1,1.87390089,0.545338631,11
0,1,2.767632723,0.732120872,26
0,1,2.253215313,1.298949838,17
0,1,2.520699978,0.495938629,13
0,1,0.312969536,0.230920598,5
1,0,1.724715233,1.244783282,12
0,1,2.880328417,1.334048152,16
0,1,1.565755129,0.343805522,6
1,0,0.839722633,0.017143952,6
1,0,1.764338255,0.253022045,7
1,0,1.317913651,0.131704062,7
0,1,1.2444278,0.151178956,8
0,1,1.767164707,1.774177074,9
0,1,0.631516755,1.277081132,8
1,0,1.875126004,1.526460767,6
0,1,1.298869491,0.998951733,7
0,1,1.365025878,1.396823406,11
0,1,1.878173709,1.656075001,18
0,1,0.425215453,1.725236654,9
0,1,1.653296709,0.072378054,5
0,1,2.515287399,0.340548486,9
1,0,2.100679636,1.680216908,15
0,1,1.465241313,1.562462687,9
0,1,2.426432848,0.550600827,10
1,0,0.145709485,0.520711005,7
1,0,1.739049315,0.154525116,13
0,1,2.415372372,0.79970479,14
0,1,0.617825568,1.848053336,8
0,1,2.022224665,1.366508722,5
0,1,2.394480467,1.628492832,20
0,1,0.945629537,1.4502002,12
0,1,0.961271942,0.432611614,10
0,1,2.734920263,1.99779284,22
0,1,2.840251684,1.583086014,13
0,1,0.844658077,1.055483699,8
1,0,1.079286933,1.144642711,12
0,1,0.030709919,0.463272512,7
0,1,0.61091584,1.80923903,2
1,0,0.348686039,1.344416738,7
1,0,2.921464682,0.753348291,13
0,1,2.953926086,0.133343756,10
0,1,0.636395335,0.892977357,7
1,0,2.891673803,1.842362761,17
0,1,0.17907019,0.641267836,5
0,1,0.104283966,0.144505516,3
0,1,2.39848423,0.719627976,17
0,1,0.31066674,0.516700745,5
1,0,1.211152315,0.737533867,7
0,1,2.924458027,1.787916183,20
0,1,2.283009291,0.393341482,5
0,1,1.284761429,0.030541947,3
0,1,2.426408052,1.004989743,11
0,1,0.744324625,0.649688363,2
1,0,1.439558744,0.707027435,9
1,0,2.847351074,0.032116216,5
0,1,2.865741014,0.695414186,9
1,0,1.518269539,0.610994935,8
1,0,0.581225634,1.039608598,9
0,1,0.08247295,1.870125651,11
0,1,0.338200152,0.25789386,5
0,1,0.703009248,0.322908759,6
0,1,2.053979635,0.897906303,13
0,1,0.165376216,1.516663909,7
0,1,0.760080755,1.170986414,10
0,1,2.164093018,0.844720185,5
0,1,2.102256775,1.973475933,12
0,1,0.521509111,1.30579114,12
0,1,0.409623861,1.197947621,9
0,1,1.80645597,1.448412538,14
1,0,0.692499101,1.194767714,11
0,1,0.062031187,0.525687099,7
0,1,1.117622256,0.68137008,12
1,0,2.055855513,1.163809061,6
0,1,2.864949703,1.591166615,13
0,1,0.626960695,1.596469164,4
0,1,1.95021987,1.317650318,9
1,0,2.804662704,0.833141983,18
0,1,0.998140395,1.186838269,7
0,1,2.350447893,1.604423165,12
0,1,1.208784342,1.264514208,4
0,1,1.41073525,1.426766396,8
0,1,2.418655157,0.729045808,9
0,1,1.570073962,1.912961483,10
0,1,0.070910208,1.948503971,4
1,0,1.349647284,0.86791867,7
1,0,2.947667599,0.49656263,14
0,1,2.279644489,0.928580582,9
0,1,0.903927863,0.441831976,4
0,1,2.205833912,0.770527542,9
0,1,1.554407597,0.34097445,4
1,0,2.455915689,1.57015872,11
0,1,1.952544093,0.300799668,9
0,1,1.248212934,1.401642084,7
1,0,1.906202078,1.001695514,12
1,0,2.473802567,0.631522,14
0,1,2.591338158,1.217776537,21
1,0,0.534315825,0.189166173,3
0,1,0.699527085,0.299678713,6
0,1,1.383663297,0.024401926,7
1,0,1.116995335,0.320432305,4
0,1,0.346037358,0.903143585,6
0,1,2.387121677,1.942078829,13
1,0,0.077922791,1.90809834,9
1,0,2.002548218,1.76501739,16
0,1,2.936581612,1.99537921,19
0,1,0.266008943,0.440911502,5
0,1,0.794594467,0.343515664,9
0,1,2.299378872,1.36521256,16
0,1,0.957019627,1.563827038,4
0,1,1.538577199,0.794671357,11
0,1,0.879234016,1.338675976,9
0,1,0.051307242,0.117993094,2
0,1,0.056272365,0.451834172,7
1,0,1.852580667,0.730206907,18
0,1,1.01653707,1.058306456,14
0,1,1.550938249,1.945884466,18
0,1,0.264793754,0.342647046,4
1,0,0.509896219,0.324741006,2
0,1,0.348468363,0.576554239,5
0,1,2.898605585,1.358675241,16
0,1,2.595391035,0.70433718,10
0,1,1.729897499,0.688131571,10
0,1,0.448435217,1.535454512,9
0,1,0.380752563,1.552051306,8
0,1,1.075512171,0.003956539,4
0,1,2.222634077,1.028543591,7
1,0,2.921375513,1.615676165,17
0,1,2.633716583,0.575253904,8
0,1,1.839482427,0.57050848,8
1,0,2.312384605,1.651532054,17
1,0,2.442804098,0.936246812,14
1,0,2.293303251,0.499319285,8
0,1,0.758197963,1.432207942,12
0,1,1.024967194,0.518217444,2
0,1,2.807516336,0.914810359,12
1,0,0.915867627,0.081388682,8
0,1,2.705625534,1.509199142,11
0,1,1.654068112,0.609103918,9
0,1,0.711956084,1.842718363,12
1,0,1.534022212,0.084557943,8
0,1,0.315798908,1.833491683,7
0,1,1.961956263,1.722384334,13
0,1,2.763194799,0.649487913,5
1,0,2.718753099,0.135082185,10
1,0,1.716738701,0.772878289,19
0,1,2.625738382,0.108815789,8
0,1,0.214777499,0.541221678,6
0,1,0.004679697,1.523665786,4
0,1,1.660330296,0.75511229,15
0,1,2.365270615,1.545510292,13
0,1,1.225601077,0.627535343,11
1,0,1.373044729,0.26993078,5
1,0,2.281598568,0.660881758,14
0,1,2.034647942,1.539067388,11
0,1,2.338547468,1.182281733,7
1,0,2.911277056,0.266732574,12
0,1,1.439201593,1.252477407,10
0,1,1.829740524,0.063958168,6
1,0,0.508642137,0.023794184,6
0,1,0.842111528,1.365305901,5
1,0,0.23017019,1.530225992,7
0,1,1.739266396,1.751595497,14
0,1,1.524665833,1.030262232,9
1,0,2.052987337,1.935134172,14
0,1,1.369306207,1.783141017,7
0,1,2.647624016,0.703731418,13
0,1,1.332254171,0.982996523,9
0,1,0.530432582,1.172405124,6
0,1,2.809270144,0.63976717,8
1,0,1.898012757,1.409938812,17
1,0,2.554207087,0.486590445,6
0,1,1.372403264,0.04295053,10
0,1,2.405574799,0.820380688,14
0,1,2.235362053,1.772744894,22
1,0,2.414132833,1.205390096,21
0,1,0.457964242,1.61691761,10
1,0,2.264134407,1.930862188,9
1,0,2.280881166,0.159508005,5
0,1,2.12291646,1.648007512,12
0,1,1.213003874,0.595728636,7
1,0,1.023511767,0.253314823,8
0,1,0.284540772,0.604522109,6
0,1,2.583450317,0.681966424,8
1,0,2.530113935,1.907857418,16
1,0,2.367261887,1.708463788,11
1,0,0.552276492,0.872606337,7
1,0,0.419867069,0.604700506,7
0,1,0.274251103,1.130048513,8
1,0,2.597791672,1.34627068,17
1,0,2.281446695,1.553115129,17
0,1,1.836101651,0.542133808,3
0,1,0.676786423,0.165022328,7
0,1,1.825617194,0.059309445,11